Copyright 1986-2022 Xilinx, Inc. All Rights Reserved. Copyright 2022-2025 Advanced Micro Devices, Inc. All Rights Reserved.
---------------------------------------------------------------------------------------------------------------------------------------------------------------------------------------------------------------------
| Tool Version : Vivado v.2025.1 (win64) Build 6140274 Thu May 22 00:12:29 MDT 2025
| Date         : Wed Nov 19 21:29:43 2025
| Host         : LAPTOP-NE3HVFFL running 64-bit major release  (build 9200)
| Command      : report_timing_summary -max_paths 10 -routable_nets -report_unconstrained -file top_timing_summary_routed.rpt -pb top_timing_summary_routed.pb -rpx top_timing_summary_routed.rpx -warn_on_violation
| Design       : top
| Device       : 7a35ti-cpg236
| Speed File   : -1L  PRODUCTION 1.23 2018-06-13
| Design State : Routed
---------------------------------------------------------------------------------------------------------------------------------------------------------------------------------------------------------------------

Timing Summary Report

------------------------------------------------------------------------------------------------
| Timer Settings
| --------------
------------------------------------------------------------------------------------------------

  Enable Multi Corner Analysis               :  Yes
  Enable Pessimism Removal                   :  Yes
  Pessimism Removal Resolution               :  Nearest Common Node
  Enable Input Delay Default Clock           :  No
  Enable Preset / Clear Arcs                 :  No
  Disable Flight Delays                      :  No
  Ignore I/O Paths                           :  No
  Timing Early Launch at Borrowing Latches   :  No
  Borrow Time for Max Delay Exceptions       :  Yes
  Merge Timing Exceptions                    :  Yes
  Inter-SLR Compensation                     :  Conservative

  Corner  Analyze    Analyze    
  Name    Max Paths  Min Paths  
  ------  ---------  ---------  
  Slow    Yes        Yes        
  Fast    Yes        Yes        


------------------------------------------------------------------------------------------------
| Report Methodology
| ------------------
------------------------------------------------------------------------------------------------

Rule       Severity          Description                                             Violations  
---------  ----------------  ------------------------------------------------------  ----------  
TIMING-17  Critical Warning  Non-clocked sequential cell                             1           
TIMING-18  Warning           Missing input or output delay                           18          
XDCC-1     Warning           Scoped Clock constraint overwritten with the same name  1           

Note: This report is based on the most recent report_methodology run and may not be up-to-date. Run report_methodology on the current design for the latest report.



check_timing report

Table of Contents
-----------------
1. checking no_clock (1)
2. checking constant_clock (0)
3. checking pulse_width_clock (0)
4. checking unconstrained_internal_endpoints (1)
5. checking no_input_delay (5)
6. checking no_output_delay (14)
7. checking multiple_clock (0)
8. checking generated_clocks (0)
9. checking loops (0)
10. checking partial_input_delay (0)
11. checking partial_output_delay (0)
12. checking latch_loops (0)

1. checking no_clock (1)
------------------------
 There is 1 register/latch pin with no clock driven by root clock pin: io_inst/seg_inst/scan_clk_reg/Q (HIGH)


2. checking constant_clock (0)
------------------------------
 There are 0 register/latch pins with constant_clock.


3. checking pulse_width_clock (0)
---------------------------------
 There are 0 register/latch pins which need pulse_width check


4. checking unconstrained_internal_endpoints (1)
------------------------------------------------
 There is 1 pin that is not constrained for maximum delay. (HIGH)

 There are 0 pins that are not constrained for maximum delay due to constant clock.


5. checking no_input_delay (5)
------------------------------
 There are 5 input ports with no input delay specified. (HIGH)

 There are 0 input ports with no input delay but user has a false path constraint.


6. checking no_output_delay (14)
--------------------------------
 There are 14 ports with no output delay specified. (HIGH)

 There are 0 ports with no output delay but user has a false path constraint

 There are 0 ports with no output delay but with a timing clock defined on it or propagating through it


7. checking multiple_clock (0)
------------------------------
 There are 0 register/latch pins with multiple clocks.


8. checking generated_clocks (0)
--------------------------------
 There are 0 generated clocks that are not connected to a clock source.


9. checking loops (0)
---------------------
 There are 0 combinational loops in the design.


10. checking partial_input_delay (0)
------------------------------------
 There are 0 input ports with partial input delay specified.


11. checking partial_output_delay (0)
-------------------------------------
 There are 0 ports with partial output delay specified.


12. checking latch_loops (0)
----------------------------
 There are 0 combinational latch loops in the design through latch input



------------------------------------------------------------------------------------------------
| Design Timing Summary
| ---------------------
------------------------------------------------------------------------------------------------

    WNS(ns)      TNS(ns)  TNS Failing Endpoints  TNS Total Endpoints      WHS(ns)      THS(ns)  THS Failing Endpoints  THS Total Endpoints     WPWS(ns)     TPWS(ns)  TPWS Failing Endpoints  TPWS Total Endpoints  
    -------      -------  ---------------------  -------------------      -------      -------  ---------------------  -------------------     --------     --------  ----------------------  --------------------  
      0.713        0.000                      0                 1157        0.049        0.000                      0                 1157        3.000        0.000                       0                   383  


All user specified timing constraints are met.


------------------------------------------------------------------------------------------------
| Clock Summary
| -------------
------------------------------------------------------------------------------------------------

Clock                 Waveform(ns)       Period(ns)      Frequency(MHz)
-----                 ------------       ----------      --------------
sys_clk               {0.000 5.000}      10.000          100.000         
  clk_out1_clk_wiz_0  {0.000 5.000}      10.000          100.000         
  clkfbout_clk_wiz_0  {0.000 5.000}      10.000          100.000         


------------------------------------------------------------------------------------------------
| Intra Clock Table
| -----------------
------------------------------------------------------------------------------------------------

Clock                     WNS(ns)      TNS(ns)  TNS Failing Endpoints  TNS Total Endpoints      WHS(ns)      THS(ns)  THS Failing Endpoints  THS Total Endpoints     WPWS(ns)     TPWS(ns)  TPWS Failing Endpoints  TPWS Total Endpoints  
-----                     -------      -------  ---------------------  -------------------      -------      -------  ---------------------  -------------------     --------     --------  ----------------------  --------------------  
sys_clk                                                                                                                                                                 3.000        0.000                       0                     1  
  clk_out1_clk_wiz_0        0.713        0.000                      0                 1157        0.049        0.000                      0                 1157        3.750        0.000                       0                   379  
  clkfbout_clk_wiz_0                                                                                                                                                    7.845        0.000                       0                     3  


------------------------------------------------------------------------------------------------
| Inter Clock Table
| -----------------
------------------------------------------------------------------------------------------------

From Clock    To Clock          WNS(ns)      TNS(ns)  TNS Failing Endpoints  TNS Total Endpoints      WHS(ns)      THS(ns)  THS Failing Endpoints  THS Total Endpoints  
----------    --------          -------      -------  ---------------------  -------------------      -------      -------  ---------------------  -------------------  


------------------------------------------------------------------------------------------------
| Other Path Groups Table
| -----------------------
------------------------------------------------------------------------------------------------

Path Group    From Clock    To Clock          WNS(ns)      TNS(ns)  TNS Failing Endpoints  TNS Total Endpoints      WHS(ns)      THS(ns)  THS Failing Endpoints  THS Total Endpoints  
----------    ----------    --------          -------      -------  ---------------------  -------------------      -------      -------  ---------------------  -------------------  


------------------------------------------------------------------------------------------------
| User Ignored Path Table
| -----------------------
------------------------------------------------------------------------------------------------

Path Group    From Clock    To Clock    
----------    ----------    --------    


------------------------------------------------------------------------------------------------
| Unconstrained Path Table
| ------------------------
------------------------------------------------------------------------------------------------

Path Group          From Clock          To Clock          
----------          ----------          --------          
(none)                                                      
(none)              clk_out1_clk_wiz_0                      
(none)                                  clk_out1_clk_wiz_0  


------------------------------------------------------------------------------------------------
| Timing Details
| --------------
------------------------------------------------------------------------------------------------


---------------------------------------------------------------------------------------------------
From Clock:  sys_clk
  To Clock:  sys_clk

Setup :           NA  Failing Endpoints,  Worst Slack           NA  ,  Total Violation           NA
Hold  :           NA  Failing Endpoints,  Worst Slack           NA  ,  Total Violation           NA
PW    :            0  Failing Endpoints,  Worst Slack        3.000ns,  Total Violation        0.000ns
---------------------------------------------------------------------------------------------------


Pulse Width Checks
--------------------------------------------------------------------------------------
Clock Name:         sys_clk
Waveform(ns):       { 0.000 5.000 }
Period(ns):         10.000
Sources:            { sys_clk }

Check Type        Corner  Lib Pin            Reference Pin  Required(ns)  Actual(ns)  Slack(ns)  Location         Pin
Min Period        n/a     MMCME2_ADV/CLKIN1  n/a            1.249         10.000      8.751      MMCME2_ADV_X1Y0  clk_wiz_inst/inst/mmcm_adv_inst/CLKIN1
Max Period        n/a     MMCME2_ADV/CLKIN1  n/a            100.000       10.000      90.000     MMCME2_ADV_X1Y0  clk_wiz_inst/inst/mmcm_adv_inst/CLKIN1
Low Pulse Width   Slow    MMCME2_ADV/CLKIN1  n/a            2.000         5.000       3.000      MMCME2_ADV_X1Y0  clk_wiz_inst/inst/mmcm_adv_inst/CLKIN1
Low Pulse Width   Fast    MMCME2_ADV/CLKIN1  n/a            2.000         5.000       3.000      MMCME2_ADV_X1Y0  clk_wiz_inst/inst/mmcm_adv_inst/CLKIN1
High Pulse Width  Slow    MMCME2_ADV/CLKIN1  n/a            2.000         5.000       3.000      MMCME2_ADV_X1Y0  clk_wiz_inst/inst/mmcm_adv_inst/CLKIN1
High Pulse Width  Fast    MMCME2_ADV/CLKIN1  n/a            2.000         5.000       3.000      MMCME2_ADV_X1Y0  clk_wiz_inst/inst/mmcm_adv_inst/CLKIN1



---------------------------------------------------------------------------------------------------
From Clock:  clk_out1_clk_wiz_0
  To Clock:  clk_out1_clk_wiz_0

Setup :            0  Failing Endpoints,  Worst Slack        0.713ns,  Total Violation        0.000ns
Hold  :            0  Failing Endpoints,  Worst Slack        0.049ns,  Total Violation        0.000ns
PW    :            0  Failing Endpoints,  Worst Slack        3.750ns,  Total Violation        0.000ns
---------------------------------------------------------------------------------------------------


Max Delay Paths
--------------------------------------------------------------------------------------
Slack (MET) :             0.713ns  (required time - arrival time)
  Source:                 dut/cont/FSM_onehot_state_reg[11]/C
                            (rising edge-triggered cell FDRE clocked by clk_out1_clk_wiz_0  {rise@0.000ns fall@5.000ns period=10.000ns})
  Destination:            dut/dp/pcreg/q_reg[24]/CE
                            (rising edge-triggered cell FDRE clocked by clk_out1_clk_wiz_0  {rise@0.000ns fall@5.000ns period=10.000ns})
  Path Group:             clk_out1_clk_wiz_0
  Path Type:              Setup (Max at Slow Process Corner)
  Requirement:            10.000ns  (clk_out1_clk_wiz_0 rise@10.000ns - clk_out1_clk_wiz_0 rise@0.000ns)
  Data Path Delay:        8.976ns  (logic 3.206ns (35.717%)  route 5.770ns (64.283%))
  Logic Levels:           13  (CARRY4=6 LUT3=1 LUT4=1 LUT5=1 LUT6=4)
  Clock Path Skew:        -0.031ns (DCD - SCD + CPR)
    Destination Clock Delay (DCD):    -1.554ns = ( 8.446 - 10.000 ) 
    Source Clock Delay      (SCD):    -0.960ns
    Clock Pessimism Removal (CPR):    0.564ns
  Clock Uncertainty:      0.074ns  ((TSJ^2 + DJ^2)^1/2) / 2 + PE
    Total System Jitter     (TSJ):    0.071ns
    Discrete Jitter          (DJ):    0.131ns
    Phase Error              (PE):    0.000ns

    Location             Delay type                Incr(ns)  Path(ns)    Netlist Resource(s)
  -------------------------------------------------------------------    -------------------
                         (clock clk_out1_clk_wiz_0 rise edge)
                                                      0.000     0.000 r  
    W5                                                0.000     0.000 r  sys_clk (IN)
                         net (fo=0)                   0.000     0.000    clk_wiz_inst/inst/clk_in1
    W5                   IBUF (Prop_ibuf_I_O)         1.458     1.458 r  clk_wiz_inst/inst/clkin1_ibufg/O
                         net (fo=1, routed)           1.233     2.691    clk_wiz_inst/inst/clk_in1_clk_wiz_0
    MMCME2_ADV_X1Y0      MMCME2_ADV (Prop_mmcme2_adv_CLKIN1_CLKOUT0)
                                                     -6.961    -4.269 r  clk_wiz_inst/inst/mmcm_adv_inst/CLKOUT0
                         net (fo=1, routed)           1.661    -2.608    clk_wiz_inst/inst/clk_out1_clk_wiz_0
    BUFGCTRL_X0Y0        BUFG (Prop_bufg_I_O)         0.096    -2.512 r  clk_wiz_inst/inst/clkout1_buf/O
                         net (fo=377, routed)         1.552    -0.960    dut/cont/clk_out1
    SLICE_X36Y20         FDRE                                         r  dut/cont/FSM_onehot_state_reg[11]/C
  -------------------------------------------------------------------    -------------------
    SLICE_X36Y20         FDRE (Prop_fdre_C_Q)         0.419    -0.541 r  dut/cont/FSM_onehot_state_reg[11]/Q
                         net (fo=5, routed)           0.851     0.310    dut/cont/FSM_onehot_state_reg_n_0_[11]
    SLICE_X36Y18         LUT6 (Prop_lut6_I0_O)        0.296     0.606 r  dut/cont/i__carry_i_9/O
                         net (fo=104, routed)         0.986     1.592    dut/dp/areg/q_reg[1]_3
    SLICE_X39Y13         LUT3 (Prop_lut3_I1_O)        0.150     1.742 r  dut/dp/areg/i__carry__0_i_3/O
                         net (fo=6, routed)           0.520     2.262    dut/dp/alunit/src1[3]
    SLICE_X41Y15         LUT6 (Prop_lut6_I0_O)        0.326     2.588 r  dut/dp/alunit/q[7]_i_6/O
                         net (fo=1, routed)           0.000     2.588    dut/dp/areg/q_reg[7]_1[1]
    SLICE_X41Y15         CARRY4 (Prop_carry4_S[1]_CO[3])
                                                      0.550     3.138 r  dut/dp/areg/q_reg[7]_i_3/CO[3]
                         net (fo=1, routed)           0.000     3.138    dut/dp/areg/q_reg[7]_i_3_n_0
    SLICE_X41Y16         CARRY4 (Prop_carry4_CI_CO[3])
                                                      0.114     3.252 r  dut/dp/areg/q_reg[11]_i_2/CO[3]
                         net (fo=1, routed)           0.000     3.252    dut/dp/areg/q_reg[11]_i_2_n_0
    SLICE_X41Y17         CARRY4 (Prop_carry4_CI_CO[3])
                                                      0.114     3.366 r  dut/dp/areg/q_reg[15]_i_3/CO[3]
                         net (fo=1, routed)           0.000     3.366    dut/dp/areg/q_reg[15]_i_3_n_0
    SLICE_X41Y18         CARRY4 (Prop_carry4_CI_CO[3])
                                                      0.114     3.480 r  dut/dp/areg/q_reg[19]_i_3/CO[3]
                         net (fo=1, routed)           0.000     3.480    dut/dp/areg/q_reg[19]_i_3_n_0
    SLICE_X41Y19         CARRY4 (Prop_carry4_CI_CO[3])
                                                      0.114     3.594 r  dut/dp/areg/q_reg[23]_i_3/CO[3]
                         net (fo=1, routed)           0.000     3.594    dut/dp/areg/q_reg[23]_i_3_n_0
    SLICE_X41Y20         CARRY4 (Prop_carry4_CI_O[1])
                                                      0.334     3.928 f  dut/dp/areg/q_reg[27]_i_3/O[1]
                         net (fo=3, routed)           0.689     4.617    dut/dp/areg/q_reg[27]_0[23]
    SLICE_X42Y21         LUT4 (Prop_lut4_I0_O)        0.303     4.920 f  dut/dp/areg/q[31]_i_32/O
                         net (fo=1, routed)           0.564     5.484    dut/dp/areg/q[31]_i_32_n_0
    SLICE_X42Y17         LUT5 (Prop_lut5_I4_O)        0.124     5.608 f  dut/dp/areg/q[31]_i_14__0/O
                         net (fo=1, routed)           0.607     6.216    dut/dp/areg/q[31]_i_14__0_n_0
    SLICE_X42Y19         LUT6 (Prop_lut6_I5_O)        0.124     6.340 r  dut/dp/areg/q[31]_i_6/O
                         net (fo=1, routed)           0.747     7.087    dut/dp/ir_reg/q_reg[31]_1
    SLICE_X42Y14         LUT6 (Prop_lut6_I3_O)        0.124     7.211 r  dut/dp/ir_reg/q[31]_i_1/O
                         net (fo=32, routed)          0.806     8.017    dut/dp/pcreg/E[0]
    SLICE_X44Y16         FDRE                                         r  dut/dp/pcreg/q_reg[24]/CE
  -------------------------------------------------------------------    -------------------

                         (clock clk_out1_clk_wiz_0 rise edge)
                                                     10.000    10.000 r  
    W5                                                0.000    10.000 r  sys_clk (IN)
                         net (fo=0)                   0.000    10.000    clk_wiz_inst/inst/clk_in1
    W5                   IBUF (Prop_ibuf_I_O)         1.388    11.388 r  clk_wiz_inst/inst/clkin1_ibufg/O
                         net (fo=1, routed)           1.162    12.550    clk_wiz_inst/inst/clk_in1_clk_wiz_0
    MMCME2_ADV_X1Y0      MMCME2_ADV (Prop_mmcme2_adv_CLKIN1_CLKOUT0)
                                                     -7.217     5.332 r  clk_wiz_inst/inst/mmcm_adv_inst/CLKOUT0
                         net (fo=1, routed)           1.581     6.914    clk_wiz_inst/inst/clk_out1_clk_wiz_0
    BUFGCTRL_X0Y0        BUFG (Prop_bufg_I_O)         0.091     7.005 r  clk_wiz_inst/inst/clkout1_buf/O
                         net (fo=377, routed)         1.441     8.446    dut/dp/pcreg/clk_out1
    SLICE_X44Y16         FDRE                                         r  dut/dp/pcreg/q_reg[24]/C
                         clock pessimism              0.564     9.009    
                         clock uncertainty           -0.074     8.935    
    SLICE_X44Y16         FDRE (Setup_fdre_C_CE)      -0.205     8.730    dut/dp/pcreg/q_reg[24]
  -------------------------------------------------------------------
                         required time                          8.730    
                         arrival time                          -8.017    
  -------------------------------------------------------------------
                         slack                                  0.713    

Slack (MET) :             0.773ns  (required time - arrival time)
  Source:                 dut/cont/FSM_onehot_state_reg[11]/C
                            (rising edge-triggered cell FDRE clocked by clk_out1_clk_wiz_0  {rise@0.000ns fall@5.000ns period=10.000ns})
  Destination:            dut/dp/pcreg/q_reg[22]/CE
                            (rising edge-triggered cell FDRE clocked by clk_out1_clk_wiz_0  {rise@0.000ns fall@5.000ns period=10.000ns})
  Path Group:             clk_out1_clk_wiz_0
  Path Type:              Setup (Max at Slow Process Corner)
  Requirement:            10.000ns  (clk_out1_clk_wiz_0 rise@10.000ns - clk_out1_clk_wiz_0 rise@0.000ns)
  Data Path Delay:        8.949ns  (logic 3.206ns (35.827%)  route 5.743ns (64.173%))
  Logic Levels:           13  (CARRY4=6 LUT3=1 LUT4=1 LUT5=1 LUT6=4)
  Clock Path Skew:        -0.035ns (DCD - SCD + CPR)
    Destination Clock Delay (DCD):    -1.558ns = ( 8.442 - 10.000 ) 
    Source Clock Delay      (SCD):    -0.960ns
    Clock Pessimism Removal (CPR):    0.564ns
  Clock Uncertainty:      0.074ns  ((TSJ^2 + DJ^2)^1/2) / 2 + PE
    Total System Jitter     (TSJ):    0.071ns
    Discrete Jitter          (DJ):    0.131ns
    Phase Error              (PE):    0.000ns

    Location             Delay type                Incr(ns)  Path(ns)    Netlist Resource(s)
  -------------------------------------------------------------------    -------------------
                         (clock clk_out1_clk_wiz_0 rise edge)
                                                      0.000     0.000 r  
    W5                                                0.000     0.000 r  sys_clk (IN)
                         net (fo=0)                   0.000     0.000    clk_wiz_inst/inst/clk_in1
    W5                   IBUF (Prop_ibuf_I_O)         1.458     1.458 r  clk_wiz_inst/inst/clkin1_ibufg/O
                         net (fo=1, routed)           1.233     2.691    clk_wiz_inst/inst/clk_in1_clk_wiz_0
    MMCME2_ADV_X1Y0      MMCME2_ADV (Prop_mmcme2_adv_CLKIN1_CLKOUT0)
                                                     -6.961    -4.269 r  clk_wiz_inst/inst/mmcm_adv_inst/CLKOUT0
                         net (fo=1, routed)           1.661    -2.608    clk_wiz_inst/inst/clk_out1_clk_wiz_0
    BUFGCTRL_X0Y0        BUFG (Prop_bufg_I_O)         0.096    -2.512 r  clk_wiz_inst/inst/clkout1_buf/O
                         net (fo=377, routed)         1.552    -0.960    dut/cont/clk_out1
    SLICE_X36Y20         FDRE                                         r  dut/cont/FSM_onehot_state_reg[11]/C
  -------------------------------------------------------------------    -------------------
    SLICE_X36Y20         FDRE (Prop_fdre_C_Q)         0.419    -0.541 r  dut/cont/FSM_onehot_state_reg[11]/Q
                         net (fo=5, routed)           0.851     0.310    dut/cont/FSM_onehot_state_reg_n_0_[11]
    SLICE_X36Y18         LUT6 (Prop_lut6_I0_O)        0.296     0.606 r  dut/cont/i__carry_i_9/O
                         net (fo=104, routed)         0.986     1.592    dut/dp/areg/q_reg[1]_3
    SLICE_X39Y13         LUT3 (Prop_lut3_I1_O)        0.150     1.742 r  dut/dp/areg/i__carry__0_i_3/O
                         net (fo=6, routed)           0.520     2.262    dut/dp/alunit/src1[3]
    SLICE_X41Y15         LUT6 (Prop_lut6_I0_O)        0.326     2.588 r  dut/dp/alunit/q[7]_i_6/O
                         net (fo=1, routed)           0.000     2.588    dut/dp/areg/q_reg[7]_1[1]
    SLICE_X41Y15         CARRY4 (Prop_carry4_S[1]_CO[3])
                                                      0.550     3.138 r  dut/dp/areg/q_reg[7]_i_3/CO[3]
                         net (fo=1, routed)           0.000     3.138    dut/dp/areg/q_reg[7]_i_3_n_0
    SLICE_X41Y16         CARRY4 (Prop_carry4_CI_CO[3])
                                                      0.114     3.252 r  dut/dp/areg/q_reg[11]_i_2/CO[3]
                         net (fo=1, routed)           0.000     3.252    dut/dp/areg/q_reg[11]_i_2_n_0
    SLICE_X41Y17         CARRY4 (Prop_carry4_CI_CO[3])
                                                      0.114     3.366 r  dut/dp/areg/q_reg[15]_i_3/CO[3]
                         net (fo=1, routed)           0.000     3.366    dut/dp/areg/q_reg[15]_i_3_n_0
    SLICE_X41Y18         CARRY4 (Prop_carry4_CI_CO[3])
                                                      0.114     3.480 r  dut/dp/areg/q_reg[19]_i_3/CO[3]
                         net (fo=1, routed)           0.000     3.480    dut/dp/areg/q_reg[19]_i_3_n_0
    SLICE_X41Y19         CARRY4 (Prop_carry4_CI_CO[3])
                                                      0.114     3.594 r  dut/dp/areg/q_reg[23]_i_3/CO[3]
                         net (fo=1, routed)           0.000     3.594    dut/dp/areg/q_reg[23]_i_3_n_0
    SLICE_X41Y20         CARRY4 (Prop_carry4_CI_O[1])
                                                      0.334     3.928 f  dut/dp/areg/q_reg[27]_i_3/O[1]
                         net (fo=3, routed)           0.689     4.617    dut/dp/areg/q_reg[27]_0[23]
    SLICE_X42Y21         LUT4 (Prop_lut4_I0_O)        0.303     4.920 f  dut/dp/areg/q[31]_i_32/O
                         net (fo=1, routed)           0.564     5.484    dut/dp/areg/q[31]_i_32_n_0
    SLICE_X42Y17         LUT5 (Prop_lut5_I4_O)        0.124     5.608 f  dut/dp/areg/q[31]_i_14__0/O
                         net (fo=1, routed)           0.607     6.216    dut/dp/areg/q[31]_i_14__0_n_0
    SLICE_X42Y19         LUT6 (Prop_lut6_I5_O)        0.124     6.340 r  dut/dp/areg/q[31]_i_6/O
                         net (fo=1, routed)           0.747     7.087    dut/dp/ir_reg/q_reg[31]_1
    SLICE_X42Y14         LUT6 (Prop_lut6_I3_O)        0.124     7.211 r  dut/dp/ir_reg/q[31]_i_1/O
                         net (fo=32, routed)          0.778     7.989    dut/dp/pcreg/E[0]
    SLICE_X42Y18         FDRE                                         r  dut/dp/pcreg/q_reg[22]/CE
  -------------------------------------------------------------------    -------------------

                         (clock clk_out1_clk_wiz_0 rise edge)
                                                     10.000    10.000 r  
    W5                                                0.000    10.000 r  sys_clk (IN)
                         net (fo=0)                   0.000    10.000    clk_wiz_inst/inst/clk_in1
    W5                   IBUF (Prop_ibuf_I_O)         1.388    11.388 r  clk_wiz_inst/inst/clkin1_ibufg/O
                         net (fo=1, routed)           1.162    12.550    clk_wiz_inst/inst/clk_in1_clk_wiz_0
    MMCME2_ADV_X1Y0      MMCME2_ADV (Prop_mmcme2_adv_CLKIN1_CLKOUT0)
                                                     -7.217     5.332 r  clk_wiz_inst/inst/mmcm_adv_inst/CLKOUT0
                         net (fo=1, routed)           1.581     6.914    clk_wiz_inst/inst/clk_out1_clk_wiz_0
    BUFGCTRL_X0Y0        BUFG (Prop_bufg_I_O)         0.091     7.005 r  clk_wiz_inst/inst/clkout1_buf/O
                         net (fo=377, routed)         1.437     8.442    dut/dp/pcreg/clk_out1
    SLICE_X42Y18         FDRE                                         r  dut/dp/pcreg/q_reg[22]/C
                         clock pessimism              0.564     9.005    
                         clock uncertainty           -0.074     8.931    
    SLICE_X42Y18         FDRE (Setup_fdre_C_CE)      -0.169     8.762    dut/dp/pcreg/q_reg[22]
  -------------------------------------------------------------------
                         required time                          8.762    
                         arrival time                          -7.989    
  -------------------------------------------------------------------
                         slack                                  0.773    

Slack (MET) :             0.773ns  (required time - arrival time)
  Source:                 dut/cont/FSM_onehot_state_reg[11]/C
                            (rising edge-triggered cell FDRE clocked by clk_out1_clk_wiz_0  {rise@0.000ns fall@5.000ns period=10.000ns})
  Destination:            dut/dp/pcreg/q_reg[23]/CE
                            (rising edge-triggered cell FDRE clocked by clk_out1_clk_wiz_0  {rise@0.000ns fall@5.000ns period=10.000ns})
  Path Group:             clk_out1_clk_wiz_0
  Path Type:              Setup (Max at Slow Process Corner)
  Requirement:            10.000ns  (clk_out1_clk_wiz_0 rise@10.000ns - clk_out1_clk_wiz_0 rise@0.000ns)
  Data Path Delay:        8.949ns  (logic 3.206ns (35.827%)  route 5.743ns (64.173%))
  Logic Levels:           13  (CARRY4=6 LUT3=1 LUT4=1 LUT5=1 LUT6=4)
  Clock Path Skew:        -0.035ns (DCD - SCD + CPR)
    Destination Clock Delay (DCD):    -1.558ns = ( 8.442 - 10.000 ) 
    Source Clock Delay      (SCD):    -0.960ns
    Clock Pessimism Removal (CPR):    0.564ns
  Clock Uncertainty:      0.074ns  ((TSJ^2 + DJ^2)^1/2) / 2 + PE
    Total System Jitter     (TSJ):    0.071ns
    Discrete Jitter          (DJ):    0.131ns
    Phase Error              (PE):    0.000ns

    Location             Delay type                Incr(ns)  Path(ns)    Netlist Resource(s)
  -------------------------------------------------------------------    -------------------
                         (clock clk_out1_clk_wiz_0 rise edge)
                                                      0.000     0.000 r  
    W5                                                0.000     0.000 r  sys_clk (IN)
                         net (fo=0)                   0.000     0.000    clk_wiz_inst/inst/clk_in1
    W5                   IBUF (Prop_ibuf_I_O)         1.458     1.458 r  clk_wiz_inst/inst/clkin1_ibufg/O
                         net (fo=1, routed)           1.233     2.691    clk_wiz_inst/inst/clk_in1_clk_wiz_0
    MMCME2_ADV_X1Y0      MMCME2_ADV (Prop_mmcme2_adv_CLKIN1_CLKOUT0)
                                                     -6.961    -4.269 r  clk_wiz_inst/inst/mmcm_adv_inst/CLKOUT0
                         net (fo=1, routed)           1.661    -2.608    clk_wiz_inst/inst/clk_out1_clk_wiz_0
    BUFGCTRL_X0Y0        BUFG (Prop_bufg_I_O)         0.096    -2.512 r  clk_wiz_inst/inst/clkout1_buf/O
                         net (fo=377, routed)         1.552    -0.960    dut/cont/clk_out1
    SLICE_X36Y20         FDRE                                         r  dut/cont/FSM_onehot_state_reg[11]/C
  -------------------------------------------------------------------    -------------------
    SLICE_X36Y20         FDRE (Prop_fdre_C_Q)         0.419    -0.541 r  dut/cont/FSM_onehot_state_reg[11]/Q
                         net (fo=5, routed)           0.851     0.310    dut/cont/FSM_onehot_state_reg_n_0_[11]
    SLICE_X36Y18         LUT6 (Prop_lut6_I0_O)        0.296     0.606 r  dut/cont/i__carry_i_9/O
                         net (fo=104, routed)         0.986     1.592    dut/dp/areg/q_reg[1]_3
    SLICE_X39Y13         LUT3 (Prop_lut3_I1_O)        0.150     1.742 r  dut/dp/areg/i__carry__0_i_3/O
                         net (fo=6, routed)           0.520     2.262    dut/dp/alunit/src1[3]
    SLICE_X41Y15         LUT6 (Prop_lut6_I0_O)        0.326     2.588 r  dut/dp/alunit/q[7]_i_6/O
                         net (fo=1, routed)           0.000     2.588    dut/dp/areg/q_reg[7]_1[1]
    SLICE_X41Y15         CARRY4 (Prop_carry4_S[1]_CO[3])
                                                      0.550     3.138 r  dut/dp/areg/q_reg[7]_i_3/CO[3]
                         net (fo=1, routed)           0.000     3.138    dut/dp/areg/q_reg[7]_i_3_n_0
    SLICE_X41Y16         CARRY4 (Prop_carry4_CI_CO[3])
                                                      0.114     3.252 r  dut/dp/areg/q_reg[11]_i_2/CO[3]
                         net (fo=1, routed)           0.000     3.252    dut/dp/areg/q_reg[11]_i_2_n_0
    SLICE_X41Y17         CARRY4 (Prop_carry4_CI_CO[3])
                                                      0.114     3.366 r  dut/dp/areg/q_reg[15]_i_3/CO[3]
                         net (fo=1, routed)           0.000     3.366    dut/dp/areg/q_reg[15]_i_3_n_0
    SLICE_X41Y18         CARRY4 (Prop_carry4_CI_CO[3])
                                                      0.114     3.480 r  dut/dp/areg/q_reg[19]_i_3/CO[3]
                         net (fo=1, routed)           0.000     3.480    dut/dp/areg/q_reg[19]_i_3_n_0
    SLICE_X41Y19         CARRY4 (Prop_carry4_CI_CO[3])
                                                      0.114     3.594 r  dut/dp/areg/q_reg[23]_i_3/CO[3]
                         net (fo=1, routed)           0.000     3.594    dut/dp/areg/q_reg[23]_i_3_n_0
    SLICE_X41Y20         CARRY4 (Prop_carry4_CI_O[1])
                                                      0.334     3.928 f  dut/dp/areg/q_reg[27]_i_3/O[1]
                         net (fo=3, routed)           0.689     4.617    dut/dp/areg/q_reg[27]_0[23]
    SLICE_X42Y21         LUT4 (Prop_lut4_I0_O)        0.303     4.920 f  dut/dp/areg/q[31]_i_32/O
                         net (fo=1, routed)           0.564     5.484    dut/dp/areg/q[31]_i_32_n_0
    SLICE_X42Y17         LUT5 (Prop_lut5_I4_O)        0.124     5.608 f  dut/dp/areg/q[31]_i_14__0/O
                         net (fo=1, routed)           0.607     6.216    dut/dp/areg/q[31]_i_14__0_n_0
    SLICE_X42Y19         LUT6 (Prop_lut6_I5_O)        0.124     6.340 r  dut/dp/areg/q[31]_i_6/O
                         net (fo=1, routed)           0.747     7.087    dut/dp/ir_reg/q_reg[31]_1
    SLICE_X42Y14         LUT6 (Prop_lut6_I3_O)        0.124     7.211 r  dut/dp/ir_reg/q[31]_i_1/O
                         net (fo=32, routed)          0.778     7.989    dut/dp/pcreg/E[0]
    SLICE_X42Y18         FDRE                                         r  dut/dp/pcreg/q_reg[23]/CE
  -------------------------------------------------------------------    -------------------

                         (clock clk_out1_clk_wiz_0 rise edge)
                                                     10.000    10.000 r  
    W5                                                0.000    10.000 r  sys_clk (IN)
                         net (fo=0)                   0.000    10.000    clk_wiz_inst/inst/clk_in1
    W5                   IBUF (Prop_ibuf_I_O)         1.388    11.388 r  clk_wiz_inst/inst/clkin1_ibufg/O
                         net (fo=1, routed)           1.162    12.550    clk_wiz_inst/inst/clk_in1_clk_wiz_0
    MMCME2_ADV_X1Y0      MMCME2_ADV (Prop_mmcme2_adv_CLKIN1_CLKOUT0)
                                                     -7.217     5.332 r  clk_wiz_inst/inst/mmcm_adv_inst/CLKOUT0
                         net (fo=1, routed)           1.581     6.914    clk_wiz_inst/inst/clk_out1_clk_wiz_0
    BUFGCTRL_X0Y0        BUFG (Prop_bufg_I_O)         0.091     7.005 r  clk_wiz_inst/inst/clkout1_buf/O
                         net (fo=377, routed)         1.437     8.442    dut/dp/pcreg/clk_out1
    SLICE_X42Y18         FDRE                                         r  dut/dp/pcreg/q_reg[23]/C
                         clock pessimism              0.564     9.005    
                         clock uncertainty           -0.074     8.931    
    SLICE_X42Y18         FDRE (Setup_fdre_C_CE)      -0.169     8.762    dut/dp/pcreg/q_reg[23]
  -------------------------------------------------------------------
                         required time                          8.762    
                         arrival time                          -7.989    
  -------------------------------------------------------------------
                         slack                                  0.773    

Slack (MET) :             0.773ns  (required time - arrival time)
  Source:                 dut/cont/FSM_onehot_state_reg[11]/C
                            (rising edge-triggered cell FDRE clocked by clk_out1_clk_wiz_0  {rise@0.000ns fall@5.000ns period=10.000ns})
  Destination:            dut/dp/pcreg/q_reg[26]/CE
                            (rising edge-triggered cell FDRE clocked by clk_out1_clk_wiz_0  {rise@0.000ns fall@5.000ns period=10.000ns})
  Path Group:             clk_out1_clk_wiz_0
  Path Type:              Setup (Max at Slow Process Corner)
  Requirement:            10.000ns  (clk_out1_clk_wiz_0 rise@10.000ns - clk_out1_clk_wiz_0 rise@0.000ns)
  Data Path Delay:        8.949ns  (logic 3.206ns (35.827%)  route 5.743ns (64.173%))
  Logic Levels:           13  (CARRY4=6 LUT3=1 LUT4=1 LUT5=1 LUT6=4)
  Clock Path Skew:        -0.035ns (DCD - SCD + CPR)
    Destination Clock Delay (DCD):    -1.558ns = ( 8.442 - 10.000 ) 
    Source Clock Delay      (SCD):    -0.960ns
    Clock Pessimism Removal (CPR):    0.564ns
  Clock Uncertainty:      0.074ns  ((TSJ^2 + DJ^2)^1/2) / 2 + PE
    Total System Jitter     (TSJ):    0.071ns
    Discrete Jitter          (DJ):    0.131ns
    Phase Error              (PE):    0.000ns

    Location             Delay type                Incr(ns)  Path(ns)    Netlist Resource(s)
  -------------------------------------------------------------------    -------------------
                         (clock clk_out1_clk_wiz_0 rise edge)
                                                      0.000     0.000 r  
    W5                                                0.000     0.000 r  sys_clk (IN)
                         net (fo=0)                   0.000     0.000    clk_wiz_inst/inst/clk_in1
    W5                   IBUF (Prop_ibuf_I_O)         1.458     1.458 r  clk_wiz_inst/inst/clkin1_ibufg/O
                         net (fo=1, routed)           1.233     2.691    clk_wiz_inst/inst/clk_in1_clk_wiz_0
    MMCME2_ADV_X1Y0      MMCME2_ADV (Prop_mmcme2_adv_CLKIN1_CLKOUT0)
                                                     -6.961    -4.269 r  clk_wiz_inst/inst/mmcm_adv_inst/CLKOUT0
                         net (fo=1, routed)           1.661    -2.608    clk_wiz_inst/inst/clk_out1_clk_wiz_0
    BUFGCTRL_X0Y0        BUFG (Prop_bufg_I_O)         0.096    -2.512 r  clk_wiz_inst/inst/clkout1_buf/O
                         net (fo=377, routed)         1.552    -0.960    dut/cont/clk_out1
    SLICE_X36Y20         FDRE                                         r  dut/cont/FSM_onehot_state_reg[11]/C
  -------------------------------------------------------------------    -------------------
    SLICE_X36Y20         FDRE (Prop_fdre_C_Q)         0.419    -0.541 r  dut/cont/FSM_onehot_state_reg[11]/Q
                         net (fo=5, routed)           0.851     0.310    dut/cont/FSM_onehot_state_reg_n_0_[11]
    SLICE_X36Y18         LUT6 (Prop_lut6_I0_O)        0.296     0.606 r  dut/cont/i__carry_i_9/O
                         net (fo=104, routed)         0.986     1.592    dut/dp/areg/q_reg[1]_3
    SLICE_X39Y13         LUT3 (Prop_lut3_I1_O)        0.150     1.742 r  dut/dp/areg/i__carry__0_i_3/O
                         net (fo=6, routed)           0.520     2.262    dut/dp/alunit/src1[3]
    SLICE_X41Y15         LUT6 (Prop_lut6_I0_O)        0.326     2.588 r  dut/dp/alunit/q[7]_i_6/O
                         net (fo=1, routed)           0.000     2.588    dut/dp/areg/q_reg[7]_1[1]
    SLICE_X41Y15         CARRY4 (Prop_carry4_S[1]_CO[3])
                                                      0.550     3.138 r  dut/dp/areg/q_reg[7]_i_3/CO[3]
                         net (fo=1, routed)           0.000     3.138    dut/dp/areg/q_reg[7]_i_3_n_0
    SLICE_X41Y16         CARRY4 (Prop_carry4_CI_CO[3])
                                                      0.114     3.252 r  dut/dp/areg/q_reg[11]_i_2/CO[3]
                         net (fo=1, routed)           0.000     3.252    dut/dp/areg/q_reg[11]_i_2_n_0
    SLICE_X41Y17         CARRY4 (Prop_carry4_CI_CO[3])
                                                      0.114     3.366 r  dut/dp/areg/q_reg[15]_i_3/CO[3]
                         net (fo=1, routed)           0.000     3.366    dut/dp/areg/q_reg[15]_i_3_n_0
    SLICE_X41Y18         CARRY4 (Prop_carry4_CI_CO[3])
                                                      0.114     3.480 r  dut/dp/areg/q_reg[19]_i_3/CO[3]
                         net (fo=1, routed)           0.000     3.480    dut/dp/areg/q_reg[19]_i_3_n_0
    SLICE_X41Y19         CARRY4 (Prop_carry4_CI_CO[3])
                                                      0.114     3.594 r  dut/dp/areg/q_reg[23]_i_3/CO[3]
                         net (fo=1, routed)           0.000     3.594    dut/dp/areg/q_reg[23]_i_3_n_0
    SLICE_X41Y20         CARRY4 (Prop_carry4_CI_O[1])
                                                      0.334     3.928 f  dut/dp/areg/q_reg[27]_i_3/O[1]
                         net (fo=3, routed)           0.689     4.617    dut/dp/areg/q_reg[27]_0[23]
    SLICE_X42Y21         LUT4 (Prop_lut4_I0_O)        0.303     4.920 f  dut/dp/areg/q[31]_i_32/O
                         net (fo=1, routed)           0.564     5.484    dut/dp/areg/q[31]_i_32_n_0
    SLICE_X42Y17         LUT5 (Prop_lut5_I4_O)        0.124     5.608 f  dut/dp/areg/q[31]_i_14__0/O
                         net (fo=1, routed)           0.607     6.216    dut/dp/areg/q[31]_i_14__0_n_0
    SLICE_X42Y19         LUT6 (Prop_lut6_I5_O)        0.124     6.340 r  dut/dp/areg/q[31]_i_6/O
                         net (fo=1, routed)           0.747     7.087    dut/dp/ir_reg/q_reg[31]_1
    SLICE_X42Y14         LUT6 (Prop_lut6_I3_O)        0.124     7.211 r  dut/dp/ir_reg/q[31]_i_1/O
                         net (fo=32, routed)          0.778     7.989    dut/dp/pcreg/E[0]
    SLICE_X42Y18         FDRE                                         r  dut/dp/pcreg/q_reg[26]/CE
  -------------------------------------------------------------------    -------------------

                         (clock clk_out1_clk_wiz_0 rise edge)
                                                     10.000    10.000 r  
    W5                                                0.000    10.000 r  sys_clk (IN)
                         net (fo=0)                   0.000    10.000    clk_wiz_inst/inst/clk_in1
    W5                   IBUF (Prop_ibuf_I_O)         1.388    11.388 r  clk_wiz_inst/inst/clkin1_ibufg/O
                         net (fo=1, routed)           1.162    12.550    clk_wiz_inst/inst/clk_in1_clk_wiz_0
    MMCME2_ADV_X1Y0      MMCME2_ADV (Prop_mmcme2_adv_CLKIN1_CLKOUT0)
                                                     -7.217     5.332 r  clk_wiz_inst/inst/mmcm_adv_inst/CLKOUT0
                         net (fo=1, routed)           1.581     6.914    clk_wiz_inst/inst/clk_out1_clk_wiz_0
    BUFGCTRL_X0Y0        BUFG (Prop_bufg_I_O)         0.091     7.005 r  clk_wiz_inst/inst/clkout1_buf/O
                         net (fo=377, routed)         1.437     8.442    dut/dp/pcreg/clk_out1
    SLICE_X42Y18         FDRE                                         r  dut/dp/pcreg/q_reg[26]/C
                         clock pessimism              0.564     9.005    
                         clock uncertainty           -0.074     8.931    
    SLICE_X42Y18         FDRE (Setup_fdre_C_CE)      -0.169     8.762    dut/dp/pcreg/q_reg[26]
  -------------------------------------------------------------------
                         required time                          8.762    
                         arrival time                          -7.989    
  -------------------------------------------------------------------
                         slack                                  0.773    

Slack (MET) :             0.798ns  (required time - arrival time)
  Source:                 dut/cont/FSM_onehot_state_reg[11]/C
                            (rising edge-triggered cell FDRE clocked by clk_out1_clk_wiz_0  {rise@0.000ns fall@5.000ns period=10.000ns})
  Destination:            dut/dp/pcreg/q_reg[16]/CE
                            (rising edge-triggered cell FDRE clocked by clk_out1_clk_wiz_0  {rise@0.000ns fall@5.000ns period=10.000ns})
  Path Group:             clk_out1_clk_wiz_0
  Path Type:              Setup (Max at Slow Process Corner)
  Requirement:            10.000ns  (clk_out1_clk_wiz_0 rise@10.000ns - clk_out1_clk_wiz_0 rise@0.000ns)
  Data Path Delay:        8.890ns  (logic 3.206ns (36.062%)  route 5.684ns (63.938%))
  Logic Levels:           13  (CARRY4=6 LUT3=1 LUT4=1 LUT5=1 LUT6=4)
  Clock Path Skew:        -0.032ns (DCD - SCD + CPR)
    Destination Clock Delay (DCD):    -1.555ns = ( 8.445 - 10.000 ) 
    Source Clock Delay      (SCD):    -0.960ns
    Clock Pessimism Removal (CPR):    0.564ns
  Clock Uncertainty:      0.074ns  ((TSJ^2 + DJ^2)^1/2) / 2 + PE
    Total System Jitter     (TSJ):    0.071ns
    Discrete Jitter          (DJ):    0.131ns
    Phase Error              (PE):    0.000ns

    Location             Delay type                Incr(ns)  Path(ns)    Netlist Resource(s)
  -------------------------------------------------------------------    -------------------
                         (clock clk_out1_clk_wiz_0 rise edge)
                                                      0.000     0.000 r  
    W5                                                0.000     0.000 r  sys_clk (IN)
                         net (fo=0)                   0.000     0.000    clk_wiz_inst/inst/clk_in1
    W5                   IBUF (Prop_ibuf_I_O)         1.458     1.458 r  clk_wiz_inst/inst/clkin1_ibufg/O
                         net (fo=1, routed)           1.233     2.691    clk_wiz_inst/inst/clk_in1_clk_wiz_0
    MMCME2_ADV_X1Y0      MMCME2_ADV (Prop_mmcme2_adv_CLKIN1_CLKOUT0)
                                                     -6.961    -4.269 r  clk_wiz_inst/inst/mmcm_adv_inst/CLKOUT0
                         net (fo=1, routed)           1.661    -2.608    clk_wiz_inst/inst/clk_out1_clk_wiz_0
    BUFGCTRL_X0Y0        BUFG (Prop_bufg_I_O)         0.096    -2.512 r  clk_wiz_inst/inst/clkout1_buf/O
                         net (fo=377, routed)         1.552    -0.960    dut/cont/clk_out1
    SLICE_X36Y20         FDRE                                         r  dut/cont/FSM_onehot_state_reg[11]/C
  -------------------------------------------------------------------    -------------------
    SLICE_X36Y20         FDRE (Prop_fdre_C_Q)         0.419    -0.541 r  dut/cont/FSM_onehot_state_reg[11]/Q
                         net (fo=5, routed)           0.851     0.310    dut/cont/FSM_onehot_state_reg_n_0_[11]
    SLICE_X36Y18         LUT6 (Prop_lut6_I0_O)        0.296     0.606 r  dut/cont/i__carry_i_9/O
                         net (fo=104, routed)         0.986     1.592    dut/dp/areg/q_reg[1]_3
    SLICE_X39Y13         LUT3 (Prop_lut3_I1_O)        0.150     1.742 r  dut/dp/areg/i__carry__0_i_3/O
                         net (fo=6, routed)           0.520     2.262    dut/dp/alunit/src1[3]
    SLICE_X41Y15         LUT6 (Prop_lut6_I0_O)        0.326     2.588 r  dut/dp/alunit/q[7]_i_6/O
                         net (fo=1, routed)           0.000     2.588    dut/dp/areg/q_reg[7]_1[1]
    SLICE_X41Y15         CARRY4 (Prop_carry4_S[1]_CO[3])
                                                      0.550     3.138 r  dut/dp/areg/q_reg[7]_i_3/CO[3]
                         net (fo=1, routed)           0.000     3.138    dut/dp/areg/q_reg[7]_i_3_n_0
    SLICE_X41Y16         CARRY4 (Prop_carry4_CI_CO[3])
                                                      0.114     3.252 r  dut/dp/areg/q_reg[11]_i_2/CO[3]
                         net (fo=1, routed)           0.000     3.252    dut/dp/areg/q_reg[11]_i_2_n_0
    SLICE_X41Y17         CARRY4 (Prop_carry4_CI_CO[3])
                                                      0.114     3.366 r  dut/dp/areg/q_reg[15]_i_3/CO[3]
                         net (fo=1, routed)           0.000     3.366    dut/dp/areg/q_reg[15]_i_3_n_0
    SLICE_X41Y18         CARRY4 (Prop_carry4_CI_CO[3])
                                                      0.114     3.480 r  dut/dp/areg/q_reg[19]_i_3/CO[3]
                         net (fo=1, routed)           0.000     3.480    dut/dp/areg/q_reg[19]_i_3_n_0
    SLICE_X41Y19         CARRY4 (Prop_carry4_CI_CO[3])
                                                      0.114     3.594 r  dut/dp/areg/q_reg[23]_i_3/CO[3]
                         net (fo=1, routed)           0.000     3.594    dut/dp/areg/q_reg[23]_i_3_n_0
    SLICE_X41Y20         CARRY4 (Prop_carry4_CI_O[1])
                                                      0.334     3.928 f  dut/dp/areg/q_reg[27]_i_3/O[1]
                         net (fo=3, routed)           0.689     4.617    dut/dp/areg/q_reg[27]_0[23]
    SLICE_X42Y21         LUT4 (Prop_lut4_I0_O)        0.303     4.920 f  dut/dp/areg/q[31]_i_32/O
                         net (fo=1, routed)           0.564     5.484    dut/dp/areg/q[31]_i_32_n_0
    SLICE_X42Y17         LUT5 (Prop_lut5_I4_O)        0.124     5.608 f  dut/dp/areg/q[31]_i_14__0/O
                         net (fo=1, routed)           0.607     6.216    dut/dp/areg/q[31]_i_14__0_n_0
    SLICE_X42Y19         LUT6 (Prop_lut6_I5_O)        0.124     6.340 r  dut/dp/areg/q[31]_i_6/O
                         net (fo=1, routed)           0.747     7.087    dut/dp/ir_reg/q_reg[31]_1
    SLICE_X42Y14         LUT6 (Prop_lut6_I3_O)        0.124     7.211 r  dut/dp/ir_reg/q[31]_i_1/O
                         net (fo=32, routed)          0.720     7.931    dut/dp/pcreg/E[0]
    SLICE_X44Y17         FDRE                                         r  dut/dp/pcreg/q_reg[16]/CE
  -------------------------------------------------------------------    -------------------

                         (clock clk_out1_clk_wiz_0 rise edge)
                                                     10.000    10.000 r  
    W5                                                0.000    10.000 r  sys_clk (IN)
                         net (fo=0)                   0.000    10.000    clk_wiz_inst/inst/clk_in1
    W5                   IBUF (Prop_ibuf_I_O)         1.388    11.388 r  clk_wiz_inst/inst/clkin1_ibufg/O
                         net (fo=1, routed)           1.162    12.550    clk_wiz_inst/inst/clk_in1_clk_wiz_0
    MMCME2_ADV_X1Y0      MMCME2_ADV (Prop_mmcme2_adv_CLKIN1_CLKOUT0)
                                                     -7.217     5.332 r  clk_wiz_inst/inst/mmcm_adv_inst/CLKOUT0
                         net (fo=1, routed)           1.581     6.914    clk_wiz_inst/inst/clk_out1_clk_wiz_0
    BUFGCTRL_X0Y0        BUFG (Prop_bufg_I_O)         0.091     7.005 r  clk_wiz_inst/inst/clkout1_buf/O
                         net (fo=377, routed)         1.440     8.445    dut/dp/pcreg/clk_out1
    SLICE_X44Y17         FDRE                                         r  dut/dp/pcreg/q_reg[16]/C
                         clock pessimism              0.564     9.008    
                         clock uncertainty           -0.074     8.934    
    SLICE_X44Y17         FDRE (Setup_fdre_C_CE)      -0.205     8.729    dut/dp/pcreg/q_reg[16]
  -------------------------------------------------------------------
                         required time                          8.729    
                         arrival time                          -7.931    
  -------------------------------------------------------------------
                         slack                                  0.798    

Slack (MET) :             0.813ns  (required time - arrival time)
  Source:                 dut/cont/FSM_onehot_state_reg[11]/C
                            (rising edge-triggered cell FDRE clocked by clk_out1_clk_wiz_0  {rise@0.000ns fall@5.000ns period=10.000ns})
  Destination:            dut/dp/pcreg/q_reg[3]/CE
                            (rising edge-triggered cell FDRE clocked by clk_out1_clk_wiz_0  {rise@0.000ns fall@5.000ns period=10.000ns})
  Path Group:             clk_out1_clk_wiz_0
  Path Type:              Setup (Max at Slow Process Corner)
  Requirement:            10.000ns  (clk_out1_clk_wiz_0 rise@10.000ns - clk_out1_clk_wiz_0 rise@0.000ns)
  Data Path Delay:        8.891ns  (logic 3.206ns (36.058%)  route 5.685ns (63.942%))
  Logic Levels:           13  (CARRY4=6 LUT3=1 LUT4=1 LUT5=1 LUT6=4)
  Clock Path Skew:        -0.016ns (DCD - SCD + CPR)
    Destination Clock Delay (DCD):    -1.554ns = ( 8.446 - 10.000 ) 
    Source Clock Delay      (SCD):    -0.960ns
    Clock Pessimism Removal (CPR):    0.579ns
  Clock Uncertainty:      0.074ns  ((TSJ^2 + DJ^2)^1/2) / 2 + PE
    Total System Jitter     (TSJ):    0.071ns
    Discrete Jitter          (DJ):    0.131ns
    Phase Error              (PE):    0.000ns

    Location             Delay type                Incr(ns)  Path(ns)    Netlist Resource(s)
  -------------------------------------------------------------------    -------------------
                         (clock clk_out1_clk_wiz_0 rise edge)
                                                      0.000     0.000 r  
    W5                                                0.000     0.000 r  sys_clk (IN)
                         net (fo=0)                   0.000     0.000    clk_wiz_inst/inst/clk_in1
    W5                   IBUF (Prop_ibuf_I_O)         1.458     1.458 r  clk_wiz_inst/inst/clkin1_ibufg/O
                         net (fo=1, routed)           1.233     2.691    clk_wiz_inst/inst/clk_in1_clk_wiz_0
    MMCME2_ADV_X1Y0      MMCME2_ADV (Prop_mmcme2_adv_CLKIN1_CLKOUT0)
                                                     -6.961    -4.269 r  clk_wiz_inst/inst/mmcm_adv_inst/CLKOUT0
                         net (fo=1, routed)           1.661    -2.608    clk_wiz_inst/inst/clk_out1_clk_wiz_0
    BUFGCTRL_X0Y0        BUFG (Prop_bufg_I_O)         0.096    -2.512 r  clk_wiz_inst/inst/clkout1_buf/O
                         net (fo=377, routed)         1.552    -0.960    dut/cont/clk_out1
    SLICE_X36Y20         FDRE                                         r  dut/cont/FSM_onehot_state_reg[11]/C
  -------------------------------------------------------------------    -------------------
    SLICE_X36Y20         FDRE (Prop_fdre_C_Q)         0.419    -0.541 r  dut/cont/FSM_onehot_state_reg[11]/Q
                         net (fo=5, routed)           0.851     0.310    dut/cont/FSM_onehot_state_reg_n_0_[11]
    SLICE_X36Y18         LUT6 (Prop_lut6_I0_O)        0.296     0.606 r  dut/cont/i__carry_i_9/O
                         net (fo=104, routed)         0.986     1.592    dut/dp/areg/q_reg[1]_3
    SLICE_X39Y13         LUT3 (Prop_lut3_I1_O)        0.150     1.742 r  dut/dp/areg/i__carry__0_i_3/O
                         net (fo=6, routed)           0.520     2.262    dut/dp/alunit/src1[3]
    SLICE_X41Y15         LUT6 (Prop_lut6_I0_O)        0.326     2.588 r  dut/dp/alunit/q[7]_i_6/O
                         net (fo=1, routed)           0.000     2.588    dut/dp/areg/q_reg[7]_1[1]
    SLICE_X41Y15         CARRY4 (Prop_carry4_S[1]_CO[3])
                                                      0.550     3.138 r  dut/dp/areg/q_reg[7]_i_3/CO[3]
                         net (fo=1, routed)           0.000     3.138    dut/dp/areg/q_reg[7]_i_3_n_0
    SLICE_X41Y16         CARRY4 (Prop_carry4_CI_CO[3])
                                                      0.114     3.252 r  dut/dp/areg/q_reg[11]_i_2/CO[3]
                         net (fo=1, routed)           0.000     3.252    dut/dp/areg/q_reg[11]_i_2_n_0
    SLICE_X41Y17         CARRY4 (Prop_carry4_CI_CO[3])
                                                      0.114     3.366 r  dut/dp/areg/q_reg[15]_i_3/CO[3]
                         net (fo=1, routed)           0.000     3.366    dut/dp/areg/q_reg[15]_i_3_n_0
    SLICE_X41Y18         CARRY4 (Prop_carry4_CI_CO[3])
                                                      0.114     3.480 r  dut/dp/areg/q_reg[19]_i_3/CO[3]
                         net (fo=1, routed)           0.000     3.480    dut/dp/areg/q_reg[19]_i_3_n_0
    SLICE_X41Y19         CARRY4 (Prop_carry4_CI_CO[3])
                                                      0.114     3.594 r  dut/dp/areg/q_reg[23]_i_3/CO[3]
                         net (fo=1, routed)           0.000     3.594    dut/dp/areg/q_reg[23]_i_3_n_0
    SLICE_X41Y20         CARRY4 (Prop_carry4_CI_O[1])
                                                      0.334     3.928 f  dut/dp/areg/q_reg[27]_i_3/O[1]
                         net (fo=3, routed)           0.689     4.617    dut/dp/areg/q_reg[27]_0[23]
    SLICE_X42Y21         LUT4 (Prop_lut4_I0_O)        0.303     4.920 f  dut/dp/areg/q[31]_i_32/O
                         net (fo=1, routed)           0.564     5.484    dut/dp/areg/q[31]_i_32_n_0
    SLICE_X42Y17         LUT5 (Prop_lut5_I4_O)        0.124     5.608 f  dut/dp/areg/q[31]_i_14__0/O
                         net (fo=1, routed)           0.607     6.216    dut/dp/areg/q[31]_i_14__0_n_0
    SLICE_X42Y19         LUT6 (Prop_lut6_I5_O)        0.124     6.340 r  dut/dp/areg/q[31]_i_6/O
                         net (fo=1, routed)           0.747     7.087    dut/dp/ir_reg/q_reg[31]_1
    SLICE_X42Y14         LUT6 (Prop_lut6_I3_O)        0.124     7.211 r  dut/dp/ir_reg/q[31]_i_1/O
                         net (fo=32, routed)          0.721     7.932    dut/dp/pcreg/E[0]
    SLICE_X39Y12         FDRE                                         r  dut/dp/pcreg/q_reg[3]/CE
  -------------------------------------------------------------------    -------------------

                         (clock clk_out1_clk_wiz_0 rise edge)
                                                     10.000    10.000 r  
    W5                                                0.000    10.000 r  sys_clk (IN)
                         net (fo=0)                   0.000    10.000    clk_wiz_inst/inst/clk_in1
    W5                   IBUF (Prop_ibuf_I_O)         1.388    11.388 r  clk_wiz_inst/inst/clkin1_ibufg/O
                         net (fo=1, routed)           1.162    12.550    clk_wiz_inst/inst/clk_in1_clk_wiz_0
    MMCME2_ADV_X1Y0      MMCME2_ADV (Prop_mmcme2_adv_CLKIN1_CLKOUT0)
                                                     -7.217     5.332 r  clk_wiz_inst/inst/mmcm_adv_inst/CLKOUT0
                         net (fo=1, routed)           1.581     6.914    clk_wiz_inst/inst/clk_out1_clk_wiz_0
    BUFGCTRL_X0Y0        BUFG (Prop_bufg_I_O)         0.091     7.005 r  clk_wiz_inst/inst/clkout1_buf/O
                         net (fo=377, routed)         1.441     8.446    dut/dp/pcreg/clk_out1
    SLICE_X39Y12         FDRE                                         r  dut/dp/pcreg/q_reg[3]/C
                         clock pessimism              0.579     9.024    
                         clock uncertainty           -0.074     8.950    
    SLICE_X39Y12         FDRE (Setup_fdre_C_CE)      -0.205     8.745    dut/dp/pcreg/q_reg[3]
  -------------------------------------------------------------------
                         required time                          8.745    
                         arrival time                          -7.932    
  -------------------------------------------------------------------
                         slack                                  0.813    

Slack (MET) :             0.813ns  (required time - arrival time)
  Source:                 dut/cont/FSM_onehot_state_reg[11]/C
                            (rising edge-triggered cell FDRE clocked by clk_out1_clk_wiz_0  {rise@0.000ns fall@5.000ns period=10.000ns})
  Destination:            dut/dp/pcreg/q_reg[8]/CE
                            (rising edge-triggered cell FDRE clocked by clk_out1_clk_wiz_0  {rise@0.000ns fall@5.000ns period=10.000ns})
  Path Group:             clk_out1_clk_wiz_0
  Path Type:              Setup (Max at Slow Process Corner)
  Requirement:            10.000ns  (clk_out1_clk_wiz_0 rise@10.000ns - clk_out1_clk_wiz_0 rise@0.000ns)
  Data Path Delay:        8.891ns  (logic 3.206ns (36.058%)  route 5.685ns (63.942%))
  Logic Levels:           13  (CARRY4=6 LUT3=1 LUT4=1 LUT5=1 LUT6=4)
  Clock Path Skew:        -0.016ns (DCD - SCD + CPR)
    Destination Clock Delay (DCD):    -1.554ns = ( 8.446 - 10.000 ) 
    Source Clock Delay      (SCD):    -0.960ns
    Clock Pessimism Removal (CPR):    0.579ns
  Clock Uncertainty:      0.074ns  ((TSJ^2 + DJ^2)^1/2) / 2 + PE
    Total System Jitter     (TSJ):    0.071ns
    Discrete Jitter          (DJ):    0.131ns
    Phase Error              (PE):    0.000ns

    Location             Delay type                Incr(ns)  Path(ns)    Netlist Resource(s)
  -------------------------------------------------------------------    -------------------
                         (clock clk_out1_clk_wiz_0 rise edge)
                                                      0.000     0.000 r  
    W5                                                0.000     0.000 r  sys_clk (IN)
                         net (fo=0)                   0.000     0.000    clk_wiz_inst/inst/clk_in1
    W5                   IBUF (Prop_ibuf_I_O)         1.458     1.458 r  clk_wiz_inst/inst/clkin1_ibufg/O
                         net (fo=1, routed)           1.233     2.691    clk_wiz_inst/inst/clk_in1_clk_wiz_0
    MMCME2_ADV_X1Y0      MMCME2_ADV (Prop_mmcme2_adv_CLKIN1_CLKOUT0)
                                                     -6.961    -4.269 r  clk_wiz_inst/inst/mmcm_adv_inst/CLKOUT0
                         net (fo=1, routed)           1.661    -2.608    clk_wiz_inst/inst/clk_out1_clk_wiz_0
    BUFGCTRL_X0Y0        BUFG (Prop_bufg_I_O)         0.096    -2.512 r  clk_wiz_inst/inst/clkout1_buf/O
                         net (fo=377, routed)         1.552    -0.960    dut/cont/clk_out1
    SLICE_X36Y20         FDRE                                         r  dut/cont/FSM_onehot_state_reg[11]/C
  -------------------------------------------------------------------    -------------------
    SLICE_X36Y20         FDRE (Prop_fdre_C_Q)         0.419    -0.541 r  dut/cont/FSM_onehot_state_reg[11]/Q
                         net (fo=5, routed)           0.851     0.310    dut/cont/FSM_onehot_state_reg_n_0_[11]
    SLICE_X36Y18         LUT6 (Prop_lut6_I0_O)        0.296     0.606 r  dut/cont/i__carry_i_9/O
                         net (fo=104, routed)         0.986     1.592    dut/dp/areg/q_reg[1]_3
    SLICE_X39Y13         LUT3 (Prop_lut3_I1_O)        0.150     1.742 r  dut/dp/areg/i__carry__0_i_3/O
                         net (fo=6, routed)           0.520     2.262    dut/dp/alunit/src1[3]
    SLICE_X41Y15         LUT6 (Prop_lut6_I0_O)        0.326     2.588 r  dut/dp/alunit/q[7]_i_6/O
                         net (fo=1, routed)           0.000     2.588    dut/dp/areg/q_reg[7]_1[1]
    SLICE_X41Y15         CARRY4 (Prop_carry4_S[1]_CO[3])
                                                      0.550     3.138 r  dut/dp/areg/q_reg[7]_i_3/CO[3]
                         net (fo=1, routed)           0.000     3.138    dut/dp/areg/q_reg[7]_i_3_n_0
    SLICE_X41Y16         CARRY4 (Prop_carry4_CI_CO[3])
                                                      0.114     3.252 r  dut/dp/areg/q_reg[11]_i_2/CO[3]
                         net (fo=1, routed)           0.000     3.252    dut/dp/areg/q_reg[11]_i_2_n_0
    SLICE_X41Y17         CARRY4 (Prop_carry4_CI_CO[3])
                                                      0.114     3.366 r  dut/dp/areg/q_reg[15]_i_3/CO[3]
                         net (fo=1, routed)           0.000     3.366    dut/dp/areg/q_reg[15]_i_3_n_0
    SLICE_X41Y18         CARRY4 (Prop_carry4_CI_CO[3])
                                                      0.114     3.480 r  dut/dp/areg/q_reg[19]_i_3/CO[3]
                         net (fo=1, routed)           0.000     3.480    dut/dp/areg/q_reg[19]_i_3_n_0
    SLICE_X41Y19         CARRY4 (Prop_carry4_CI_CO[3])
                                                      0.114     3.594 r  dut/dp/areg/q_reg[23]_i_3/CO[3]
                         net (fo=1, routed)           0.000     3.594    dut/dp/areg/q_reg[23]_i_3_n_0
    SLICE_X41Y20         CARRY4 (Prop_carry4_CI_O[1])
                                                      0.334     3.928 f  dut/dp/areg/q_reg[27]_i_3/O[1]
                         net (fo=3, routed)           0.689     4.617    dut/dp/areg/q_reg[27]_0[23]
    SLICE_X42Y21         LUT4 (Prop_lut4_I0_O)        0.303     4.920 f  dut/dp/areg/q[31]_i_32/O
                         net (fo=1, routed)           0.564     5.484    dut/dp/areg/q[31]_i_32_n_0
    SLICE_X42Y17         LUT5 (Prop_lut5_I4_O)        0.124     5.608 f  dut/dp/areg/q[31]_i_14__0/O
                         net (fo=1, routed)           0.607     6.216    dut/dp/areg/q[31]_i_14__0_n_0
    SLICE_X42Y19         LUT6 (Prop_lut6_I5_O)        0.124     6.340 r  dut/dp/areg/q[31]_i_6/O
                         net (fo=1, routed)           0.747     7.087    dut/dp/ir_reg/q_reg[31]_1
    SLICE_X42Y14         LUT6 (Prop_lut6_I3_O)        0.124     7.211 r  dut/dp/ir_reg/q[31]_i_1/O
                         net (fo=32, routed)          0.721     7.932    dut/dp/pcreg/E[0]
    SLICE_X39Y12         FDRE                                         r  dut/dp/pcreg/q_reg[8]/CE
  -------------------------------------------------------------------    -------------------

                         (clock clk_out1_clk_wiz_0 rise edge)
                                                     10.000    10.000 r  
    W5                                                0.000    10.000 r  sys_clk (IN)
                         net (fo=0)                   0.000    10.000    clk_wiz_inst/inst/clk_in1
    W5                   IBUF (Prop_ibuf_I_O)         1.388    11.388 r  clk_wiz_inst/inst/clkin1_ibufg/O
                         net (fo=1, routed)           1.162    12.550    clk_wiz_inst/inst/clk_in1_clk_wiz_0
    MMCME2_ADV_X1Y0      MMCME2_ADV (Prop_mmcme2_adv_CLKIN1_CLKOUT0)
                                                     -7.217     5.332 r  clk_wiz_inst/inst/mmcm_adv_inst/CLKOUT0
                         net (fo=1, routed)           1.581     6.914    clk_wiz_inst/inst/clk_out1_clk_wiz_0
    BUFGCTRL_X0Y0        BUFG (Prop_bufg_I_O)         0.091     7.005 r  clk_wiz_inst/inst/clkout1_buf/O
                         net (fo=377, routed)         1.441     8.446    dut/dp/pcreg/clk_out1
    SLICE_X39Y12         FDRE                                         r  dut/dp/pcreg/q_reg[8]/C
                         clock pessimism              0.579     9.024    
                         clock uncertainty           -0.074     8.950    
    SLICE_X39Y12         FDRE (Setup_fdre_C_CE)      -0.205     8.745    dut/dp/pcreg/q_reg[8]
  -------------------------------------------------------------------
                         required time                          8.745    
                         arrival time                          -7.932    
  -------------------------------------------------------------------
                         slack                                  0.813    

Slack (MET) :             0.850ns  (required time - arrival time)
  Source:                 dut/cont/FSM_onehot_state_reg[11]/C
                            (rising edge-triggered cell FDRE clocked by clk_out1_clk_wiz_0  {rise@0.000ns fall@5.000ns period=10.000ns})
  Destination:            dut/dp/pcreg/q_reg[2]/CE
                            (rising edge-triggered cell FDRE clocked by clk_out1_clk_wiz_0  {rise@0.000ns fall@5.000ns period=10.000ns})
  Path Group:             clk_out1_clk_wiz_0
  Path Type:              Setup (Max at Slow Process Corner)
  Requirement:            10.000ns  (clk_out1_clk_wiz_0 rise@10.000ns - clk_out1_clk_wiz_0 rise@0.000ns)
  Data Path Delay:        8.853ns  (logic 3.206ns (36.213%)  route 5.647ns (63.787%))
  Logic Levels:           13  (CARRY4=6 LUT3=1 LUT4=1 LUT5=1 LUT6=4)
  Clock Path Skew:        -0.017ns (DCD - SCD + CPR)
    Destination Clock Delay (DCD):    -1.555ns = ( 8.445 - 10.000 ) 
    Source Clock Delay      (SCD):    -0.960ns
    Clock Pessimism Removal (CPR):    0.579ns
  Clock Uncertainty:      0.074ns  ((TSJ^2 + DJ^2)^1/2) / 2 + PE
    Total System Jitter     (TSJ):    0.071ns
    Discrete Jitter          (DJ):    0.131ns
    Phase Error              (PE):    0.000ns

    Location             Delay type                Incr(ns)  Path(ns)    Netlist Resource(s)
  -------------------------------------------------------------------    -------------------
                         (clock clk_out1_clk_wiz_0 rise edge)
                                                      0.000     0.000 r  
    W5                                                0.000     0.000 r  sys_clk (IN)
                         net (fo=0)                   0.000     0.000    clk_wiz_inst/inst/clk_in1
    W5                   IBUF (Prop_ibuf_I_O)         1.458     1.458 r  clk_wiz_inst/inst/clkin1_ibufg/O
                         net (fo=1, routed)           1.233     2.691    clk_wiz_inst/inst/clk_in1_clk_wiz_0
    MMCME2_ADV_X1Y0      MMCME2_ADV (Prop_mmcme2_adv_CLKIN1_CLKOUT0)
                                                     -6.961    -4.269 r  clk_wiz_inst/inst/mmcm_adv_inst/CLKOUT0
                         net (fo=1, routed)           1.661    -2.608    clk_wiz_inst/inst/clk_out1_clk_wiz_0
    BUFGCTRL_X0Y0        BUFG (Prop_bufg_I_O)         0.096    -2.512 r  clk_wiz_inst/inst/clkout1_buf/O
                         net (fo=377, routed)         1.552    -0.960    dut/cont/clk_out1
    SLICE_X36Y20         FDRE                                         r  dut/cont/FSM_onehot_state_reg[11]/C
  -------------------------------------------------------------------    -------------------
    SLICE_X36Y20         FDRE (Prop_fdre_C_Q)         0.419    -0.541 r  dut/cont/FSM_onehot_state_reg[11]/Q
                         net (fo=5, routed)           0.851     0.310    dut/cont/FSM_onehot_state_reg_n_0_[11]
    SLICE_X36Y18         LUT6 (Prop_lut6_I0_O)        0.296     0.606 r  dut/cont/i__carry_i_9/O
                         net (fo=104, routed)         0.986     1.592    dut/dp/areg/q_reg[1]_3
    SLICE_X39Y13         LUT3 (Prop_lut3_I1_O)        0.150     1.742 r  dut/dp/areg/i__carry__0_i_3/O
                         net (fo=6, routed)           0.520     2.262    dut/dp/alunit/src1[3]
    SLICE_X41Y15         LUT6 (Prop_lut6_I0_O)        0.326     2.588 r  dut/dp/alunit/q[7]_i_6/O
                         net (fo=1, routed)           0.000     2.588    dut/dp/areg/q_reg[7]_1[1]
    SLICE_X41Y15         CARRY4 (Prop_carry4_S[1]_CO[3])
                                                      0.550     3.138 r  dut/dp/areg/q_reg[7]_i_3/CO[3]
                         net (fo=1, routed)           0.000     3.138    dut/dp/areg/q_reg[7]_i_3_n_0
    SLICE_X41Y16         CARRY4 (Prop_carry4_CI_CO[3])
                                                      0.114     3.252 r  dut/dp/areg/q_reg[11]_i_2/CO[3]
                         net (fo=1, routed)           0.000     3.252    dut/dp/areg/q_reg[11]_i_2_n_0
    SLICE_X41Y17         CARRY4 (Prop_carry4_CI_CO[3])
                                                      0.114     3.366 r  dut/dp/areg/q_reg[15]_i_3/CO[3]
                         net (fo=1, routed)           0.000     3.366    dut/dp/areg/q_reg[15]_i_3_n_0
    SLICE_X41Y18         CARRY4 (Prop_carry4_CI_CO[3])
                                                      0.114     3.480 r  dut/dp/areg/q_reg[19]_i_3/CO[3]
                         net (fo=1, routed)           0.000     3.480    dut/dp/areg/q_reg[19]_i_3_n_0
    SLICE_X41Y19         CARRY4 (Prop_carry4_CI_CO[3])
                                                      0.114     3.594 r  dut/dp/areg/q_reg[23]_i_3/CO[3]
                         net (fo=1, routed)           0.000     3.594    dut/dp/areg/q_reg[23]_i_3_n_0
    SLICE_X41Y20         CARRY4 (Prop_carry4_CI_O[1])
                                                      0.334     3.928 f  dut/dp/areg/q_reg[27]_i_3/O[1]
                         net (fo=3, routed)           0.689     4.617    dut/dp/areg/q_reg[27]_0[23]
    SLICE_X42Y21         LUT4 (Prop_lut4_I0_O)        0.303     4.920 f  dut/dp/areg/q[31]_i_32/O
                         net (fo=1, routed)           0.564     5.484    dut/dp/areg/q[31]_i_32_n_0
    SLICE_X42Y17         LUT5 (Prop_lut5_I4_O)        0.124     5.608 f  dut/dp/areg/q[31]_i_14__0/O
                         net (fo=1, routed)           0.607     6.216    dut/dp/areg/q[31]_i_14__0_n_0
    SLICE_X42Y19         LUT6 (Prop_lut6_I5_O)        0.124     6.340 r  dut/dp/areg/q[31]_i_6/O
                         net (fo=1, routed)           0.747     7.087    dut/dp/ir_reg/q_reg[31]_1
    SLICE_X42Y14         LUT6 (Prop_lut6_I3_O)        0.124     7.211 r  dut/dp/ir_reg/q[31]_i_1/O
                         net (fo=32, routed)          0.683     7.894    dut/dp/pcreg/E[0]
    SLICE_X37Y13         FDRE                                         r  dut/dp/pcreg/q_reg[2]/CE
  -------------------------------------------------------------------    -------------------

                         (clock clk_out1_clk_wiz_0 rise edge)
                                                     10.000    10.000 r  
    W5                                                0.000    10.000 r  sys_clk (IN)
                         net (fo=0)                   0.000    10.000    clk_wiz_inst/inst/clk_in1
    W5                   IBUF (Prop_ibuf_I_O)         1.388    11.388 r  clk_wiz_inst/inst/clkin1_ibufg/O
                         net (fo=1, routed)           1.162    12.550    clk_wiz_inst/inst/clk_in1_clk_wiz_0
    MMCME2_ADV_X1Y0      MMCME2_ADV (Prop_mmcme2_adv_CLKIN1_CLKOUT0)
                                                     -7.217     5.332 r  clk_wiz_inst/inst/mmcm_adv_inst/CLKOUT0
                         net (fo=1, routed)           1.581     6.914    clk_wiz_inst/inst/clk_out1_clk_wiz_0
    BUFGCTRL_X0Y0        BUFG (Prop_bufg_I_O)         0.091     7.005 r  clk_wiz_inst/inst/clkout1_buf/O
                         net (fo=377, routed)         1.440     8.445    dut/dp/pcreg/clk_out1
    SLICE_X37Y13         FDRE                                         r  dut/dp/pcreg/q_reg[2]/C
                         clock pessimism              0.579     9.023    
                         clock uncertainty           -0.074     8.949    
    SLICE_X37Y13         FDRE (Setup_fdre_C_CE)      -0.205     8.744    dut/dp/pcreg/q_reg[2]
  -------------------------------------------------------------------
                         required time                          8.744    
                         arrival time                          -7.894    
  -------------------------------------------------------------------
                         slack                                  0.850    

Slack (MET) :             0.850ns  (required time - arrival time)
  Source:                 dut/cont/FSM_onehot_state_reg[11]/C
                            (rising edge-triggered cell FDRE clocked by clk_out1_clk_wiz_0  {rise@0.000ns fall@5.000ns period=10.000ns})
  Destination:            dut/dp/pcreg/q_reg[6]/CE
                            (rising edge-triggered cell FDRE clocked by clk_out1_clk_wiz_0  {rise@0.000ns fall@5.000ns period=10.000ns})
  Path Group:             clk_out1_clk_wiz_0
  Path Type:              Setup (Max at Slow Process Corner)
  Requirement:            10.000ns  (clk_out1_clk_wiz_0 rise@10.000ns - clk_out1_clk_wiz_0 rise@0.000ns)
  Data Path Delay:        8.853ns  (logic 3.206ns (36.213%)  route 5.647ns (63.787%))
  Logic Levels:           13  (CARRY4=6 LUT3=1 LUT4=1 LUT5=1 LUT6=4)
  Clock Path Skew:        -0.017ns (DCD - SCD + CPR)
    Destination Clock Delay (DCD):    -1.555ns = ( 8.445 - 10.000 ) 
    Source Clock Delay      (SCD):    -0.960ns
    Clock Pessimism Removal (CPR):    0.579ns
  Clock Uncertainty:      0.074ns  ((TSJ^2 + DJ^2)^1/2) / 2 + PE
    Total System Jitter     (TSJ):    0.071ns
    Discrete Jitter          (DJ):    0.131ns
    Phase Error              (PE):    0.000ns

    Location             Delay type                Incr(ns)  Path(ns)    Netlist Resource(s)
  -------------------------------------------------------------------    -------------------
                         (clock clk_out1_clk_wiz_0 rise edge)
                                                      0.000     0.000 r  
    W5                                                0.000     0.000 r  sys_clk (IN)
                         net (fo=0)                   0.000     0.000    clk_wiz_inst/inst/clk_in1
    W5                   IBUF (Prop_ibuf_I_O)         1.458     1.458 r  clk_wiz_inst/inst/clkin1_ibufg/O
                         net (fo=1, routed)           1.233     2.691    clk_wiz_inst/inst/clk_in1_clk_wiz_0
    MMCME2_ADV_X1Y0      MMCME2_ADV (Prop_mmcme2_adv_CLKIN1_CLKOUT0)
                                                     -6.961    -4.269 r  clk_wiz_inst/inst/mmcm_adv_inst/CLKOUT0
                         net (fo=1, routed)           1.661    -2.608    clk_wiz_inst/inst/clk_out1_clk_wiz_0
    BUFGCTRL_X0Y0        BUFG (Prop_bufg_I_O)         0.096    -2.512 r  clk_wiz_inst/inst/clkout1_buf/O
                         net (fo=377, routed)         1.552    -0.960    dut/cont/clk_out1
    SLICE_X36Y20         FDRE                                         r  dut/cont/FSM_onehot_state_reg[11]/C
  -------------------------------------------------------------------    -------------------
    SLICE_X36Y20         FDRE (Prop_fdre_C_Q)         0.419    -0.541 r  dut/cont/FSM_onehot_state_reg[11]/Q
                         net (fo=5, routed)           0.851     0.310    dut/cont/FSM_onehot_state_reg_n_0_[11]
    SLICE_X36Y18         LUT6 (Prop_lut6_I0_O)        0.296     0.606 r  dut/cont/i__carry_i_9/O
                         net (fo=104, routed)         0.986     1.592    dut/dp/areg/q_reg[1]_3
    SLICE_X39Y13         LUT3 (Prop_lut3_I1_O)        0.150     1.742 r  dut/dp/areg/i__carry__0_i_3/O
                         net (fo=6, routed)           0.520     2.262    dut/dp/alunit/src1[3]
    SLICE_X41Y15         LUT6 (Prop_lut6_I0_O)        0.326     2.588 r  dut/dp/alunit/q[7]_i_6/O
                         net (fo=1, routed)           0.000     2.588    dut/dp/areg/q_reg[7]_1[1]
    SLICE_X41Y15         CARRY4 (Prop_carry4_S[1]_CO[3])
                                                      0.550     3.138 r  dut/dp/areg/q_reg[7]_i_3/CO[3]
                         net (fo=1, routed)           0.000     3.138    dut/dp/areg/q_reg[7]_i_3_n_0
    SLICE_X41Y16         CARRY4 (Prop_carry4_CI_CO[3])
                                                      0.114     3.252 r  dut/dp/areg/q_reg[11]_i_2/CO[3]
                         net (fo=1, routed)           0.000     3.252    dut/dp/areg/q_reg[11]_i_2_n_0
    SLICE_X41Y17         CARRY4 (Prop_carry4_CI_CO[3])
                                                      0.114     3.366 r  dut/dp/areg/q_reg[15]_i_3/CO[3]
                         net (fo=1, routed)           0.000     3.366    dut/dp/areg/q_reg[15]_i_3_n_0
    SLICE_X41Y18         CARRY4 (Prop_carry4_CI_CO[3])
                                                      0.114     3.480 r  dut/dp/areg/q_reg[19]_i_3/CO[3]
                         net (fo=1, routed)           0.000     3.480    dut/dp/areg/q_reg[19]_i_3_n_0
    SLICE_X41Y19         CARRY4 (Prop_carry4_CI_CO[3])
                                                      0.114     3.594 r  dut/dp/areg/q_reg[23]_i_3/CO[3]
                         net (fo=1, routed)           0.000     3.594    dut/dp/areg/q_reg[23]_i_3_n_0
    SLICE_X41Y20         CARRY4 (Prop_carry4_CI_O[1])
                                                      0.334     3.928 f  dut/dp/areg/q_reg[27]_i_3/O[1]
                         net (fo=3, routed)           0.689     4.617    dut/dp/areg/q_reg[27]_0[23]
    SLICE_X42Y21         LUT4 (Prop_lut4_I0_O)        0.303     4.920 f  dut/dp/areg/q[31]_i_32/O
                         net (fo=1, routed)           0.564     5.484    dut/dp/areg/q[31]_i_32_n_0
    SLICE_X42Y17         LUT5 (Prop_lut5_I4_O)        0.124     5.608 f  dut/dp/areg/q[31]_i_14__0/O
                         net (fo=1, routed)           0.607     6.216    dut/dp/areg/q[31]_i_14__0_n_0
    SLICE_X42Y19         LUT6 (Prop_lut6_I5_O)        0.124     6.340 r  dut/dp/areg/q[31]_i_6/O
                         net (fo=1, routed)           0.747     7.087    dut/dp/ir_reg/q_reg[31]_1
    SLICE_X42Y14         LUT6 (Prop_lut6_I3_O)        0.124     7.211 r  dut/dp/ir_reg/q[31]_i_1/O
                         net (fo=32, routed)          0.683     7.894    dut/dp/pcreg/E[0]
    SLICE_X37Y13         FDRE                                         r  dut/dp/pcreg/q_reg[6]/CE
  -------------------------------------------------------------------    -------------------

                         (clock clk_out1_clk_wiz_0 rise edge)
                                                     10.000    10.000 r  
    W5                                                0.000    10.000 r  sys_clk (IN)
                         net (fo=0)                   0.000    10.000    clk_wiz_inst/inst/clk_in1
    W5                   IBUF (Prop_ibuf_I_O)         1.388    11.388 r  clk_wiz_inst/inst/clkin1_ibufg/O
                         net (fo=1, routed)           1.162    12.550    clk_wiz_inst/inst/clk_in1_clk_wiz_0
    MMCME2_ADV_X1Y0      MMCME2_ADV (Prop_mmcme2_adv_CLKIN1_CLKOUT0)
                                                     -7.217     5.332 r  clk_wiz_inst/inst/mmcm_adv_inst/CLKOUT0
                         net (fo=1, routed)           1.581     6.914    clk_wiz_inst/inst/clk_out1_clk_wiz_0
    BUFGCTRL_X0Y0        BUFG (Prop_bufg_I_O)         0.091     7.005 r  clk_wiz_inst/inst/clkout1_buf/O
                         net (fo=377, routed)         1.440     8.445    dut/dp/pcreg/clk_out1
    SLICE_X37Y13         FDRE                                         r  dut/dp/pcreg/q_reg[6]/C
                         clock pessimism              0.579     9.023    
                         clock uncertainty           -0.074     8.949    
    SLICE_X37Y13         FDRE (Setup_fdre_C_CE)      -0.205     8.744    dut/dp/pcreg/q_reg[6]
  -------------------------------------------------------------------
                         required time                          8.744    
                         arrival time                          -7.894    
  -------------------------------------------------------------------
                         slack                                  0.850    

Slack (MET) :             0.856ns  (required time - arrival time)
  Source:                 dut/cont/FSM_onehot_state_reg[11]/C
                            (rising edge-triggered cell FDRE clocked by clk_out1_clk_wiz_0  {rise@0.000ns fall@5.000ns period=10.000ns})
  Destination:            dut/dp/pcreg/q_reg[18]/CE
                            (rising edge-triggered cell FDRE clocked by clk_out1_clk_wiz_0  {rise@0.000ns fall@5.000ns period=10.000ns})
  Path Group:             clk_out1_clk_wiz_0
  Path Type:              Setup (Max at Slow Process Corner)
  Requirement:            10.000ns  (clk_out1_clk_wiz_0 rise@10.000ns - clk_out1_clk_wiz_0 rise@0.000ns)
  Data Path Delay:        8.870ns  (logic 3.206ns (36.143%)  route 5.664ns (63.857%))
  Logic Levels:           13  (CARRY4=6 LUT3=1 LUT4=1 LUT5=1 LUT6=4)
  Clock Path Skew:        -0.030ns (DCD - SCD + CPR)
    Destination Clock Delay (DCD):    -1.553ns = ( 8.447 - 10.000 ) 
    Source Clock Delay      (SCD):    -0.960ns
    Clock Pessimism Removal (CPR):    0.564ns
  Clock Uncertainty:      0.074ns  ((TSJ^2 + DJ^2)^1/2) / 2 + PE
    Total System Jitter     (TSJ):    0.071ns
    Discrete Jitter          (DJ):    0.131ns
    Phase Error              (PE):    0.000ns

    Location             Delay type                Incr(ns)  Path(ns)    Netlist Resource(s)
  -------------------------------------------------------------------    -------------------
                         (clock clk_out1_clk_wiz_0 rise edge)
                                                      0.000     0.000 r  
    W5                                                0.000     0.000 r  sys_clk (IN)
                         net (fo=0)                   0.000     0.000    clk_wiz_inst/inst/clk_in1
    W5                   IBUF (Prop_ibuf_I_O)         1.458     1.458 r  clk_wiz_inst/inst/clkin1_ibufg/O
                         net (fo=1, routed)           1.233     2.691    clk_wiz_inst/inst/clk_in1_clk_wiz_0
    MMCME2_ADV_X1Y0      MMCME2_ADV (Prop_mmcme2_adv_CLKIN1_CLKOUT0)
                                                     -6.961    -4.269 r  clk_wiz_inst/inst/mmcm_adv_inst/CLKOUT0
                         net (fo=1, routed)           1.661    -2.608    clk_wiz_inst/inst/clk_out1_clk_wiz_0
    BUFGCTRL_X0Y0        BUFG (Prop_bufg_I_O)         0.096    -2.512 r  clk_wiz_inst/inst/clkout1_buf/O
                         net (fo=377, routed)         1.552    -0.960    dut/cont/clk_out1
    SLICE_X36Y20         FDRE                                         r  dut/cont/FSM_onehot_state_reg[11]/C
  -------------------------------------------------------------------    -------------------
    SLICE_X36Y20         FDRE (Prop_fdre_C_Q)         0.419    -0.541 r  dut/cont/FSM_onehot_state_reg[11]/Q
                         net (fo=5, routed)           0.851     0.310    dut/cont/FSM_onehot_state_reg_n_0_[11]
    SLICE_X36Y18         LUT6 (Prop_lut6_I0_O)        0.296     0.606 r  dut/cont/i__carry_i_9/O
                         net (fo=104, routed)         0.986     1.592    dut/dp/areg/q_reg[1]_3
    SLICE_X39Y13         LUT3 (Prop_lut3_I1_O)        0.150     1.742 r  dut/dp/areg/i__carry__0_i_3/O
                         net (fo=6, routed)           0.520     2.262    dut/dp/alunit/src1[3]
    SLICE_X41Y15         LUT6 (Prop_lut6_I0_O)        0.326     2.588 r  dut/dp/alunit/q[7]_i_6/O
                         net (fo=1, routed)           0.000     2.588    dut/dp/areg/q_reg[7]_1[1]
    SLICE_X41Y15         CARRY4 (Prop_carry4_S[1]_CO[3])
                                                      0.550     3.138 r  dut/dp/areg/q_reg[7]_i_3/CO[3]
                         net (fo=1, routed)           0.000     3.138    dut/dp/areg/q_reg[7]_i_3_n_0
    SLICE_X41Y16         CARRY4 (Prop_carry4_CI_CO[3])
                                                      0.114     3.252 r  dut/dp/areg/q_reg[11]_i_2/CO[3]
                         net (fo=1, routed)           0.000     3.252    dut/dp/areg/q_reg[11]_i_2_n_0
    SLICE_X41Y17         CARRY4 (Prop_carry4_CI_CO[3])
                                                      0.114     3.366 r  dut/dp/areg/q_reg[15]_i_3/CO[3]
                         net (fo=1, routed)           0.000     3.366    dut/dp/areg/q_reg[15]_i_3_n_0
    SLICE_X41Y18         CARRY4 (Prop_carry4_CI_CO[3])
                                                      0.114     3.480 r  dut/dp/areg/q_reg[19]_i_3/CO[3]
                         net (fo=1, routed)           0.000     3.480    dut/dp/areg/q_reg[19]_i_3_n_0
    SLICE_X41Y19         CARRY4 (Prop_carry4_CI_CO[3])
                                                      0.114     3.594 r  dut/dp/areg/q_reg[23]_i_3/CO[3]
                         net (fo=1, routed)           0.000     3.594    dut/dp/areg/q_reg[23]_i_3_n_0
    SLICE_X41Y20         CARRY4 (Prop_carry4_CI_O[1])
                                                      0.334     3.928 f  dut/dp/areg/q_reg[27]_i_3/O[1]
                         net (fo=3, routed)           0.689     4.617    dut/dp/areg/q_reg[27]_0[23]
    SLICE_X42Y21         LUT4 (Prop_lut4_I0_O)        0.303     4.920 f  dut/dp/areg/q[31]_i_32/O
                         net (fo=1, routed)           0.564     5.484    dut/dp/areg/q[31]_i_32_n_0
    SLICE_X42Y17         LUT5 (Prop_lut5_I4_O)        0.124     5.608 f  dut/dp/areg/q[31]_i_14__0/O
                         net (fo=1, routed)           0.607     6.216    dut/dp/areg/q[31]_i_14__0_n_0
    SLICE_X42Y19         LUT6 (Prop_lut6_I5_O)        0.124     6.340 r  dut/dp/areg/q[31]_i_6/O
                         net (fo=1, routed)           0.747     7.087    dut/dp/ir_reg/q_reg[31]_1
    SLICE_X42Y14         LUT6 (Prop_lut6_I3_O)        0.124     7.211 r  dut/dp/ir_reg/q[31]_i_1/O
                         net (fo=32, routed)          0.700     7.911    dut/dp/pcreg/E[0]
    SLICE_X46Y15         FDRE                                         r  dut/dp/pcreg/q_reg[18]/CE
  -------------------------------------------------------------------    -------------------

                         (clock clk_out1_clk_wiz_0 rise edge)
                                                     10.000    10.000 r  
    W5                                                0.000    10.000 r  sys_clk (IN)
                         net (fo=0)                   0.000    10.000    clk_wiz_inst/inst/clk_in1
    W5                   IBUF (Prop_ibuf_I_O)         1.388    11.388 r  clk_wiz_inst/inst/clkin1_ibufg/O
                         net (fo=1, routed)           1.162    12.550    clk_wiz_inst/inst/clk_in1_clk_wiz_0
    MMCME2_ADV_X1Y0      MMCME2_ADV (Prop_mmcme2_adv_CLKIN1_CLKOUT0)
                                                     -7.217     5.332 r  clk_wiz_inst/inst/mmcm_adv_inst/CLKOUT0
                         net (fo=1, routed)           1.581     6.914    clk_wiz_inst/inst/clk_out1_clk_wiz_0
    BUFGCTRL_X0Y0        BUFG (Prop_bufg_I_O)         0.091     7.005 r  clk_wiz_inst/inst/clkout1_buf/O
                         net (fo=377, routed)         1.442     8.447    dut/dp/pcreg/clk_out1
    SLICE_X46Y15         FDRE                                         r  dut/dp/pcreg/q_reg[18]/C
                         clock pessimism              0.564     9.010    
                         clock uncertainty           -0.074     8.936    
    SLICE_X46Y15         FDRE (Setup_fdre_C_CE)      -0.169     8.767    dut/dp/pcreg/q_reg[18]
  -------------------------------------------------------------------
                         required time                          8.767    
                         arrival time                          -7.911    
  -------------------------------------------------------------------
                         slack                                  0.856    





Min Delay Paths
--------------------------------------------------------------------------------------
Slack (MET) :             0.049ns  (arrival time - required time)
  Source:                 dut/cont/FSM_onehot_state_reg[7]/C
                            (rising edge-triggered cell FDRE clocked by clk_out1_clk_wiz_0  {rise@0.000ns fall@5.000ns period=10.000ns})
  Destination:            dut/cont/FSM_onehot_state_reg[8]/D
                            (rising edge-triggered cell FDRE clocked by clk_out1_clk_wiz_0  {rise@0.000ns fall@5.000ns period=10.000ns})
  Path Group:             clk_out1_clk_wiz_0
  Path Type:              Hold (Min at Fast Process Corner)
  Requirement:            0.000ns  (clk_out1_clk_wiz_0 rise@0.000ns - clk_out1_clk_wiz_0 rise@0.000ns)
  Data Path Delay:        0.329ns  (logic 0.128ns (38.899%)  route 0.201ns (61.101%))
  Logic Levels:           0  
  Clock Path Skew:        0.261ns (DCD - SCD - CPR)
    Destination Clock Delay (DCD):    -0.869ns
    Source Clock Delay      (SCD):    -0.626ns
    Clock Pessimism Removal (CPR):    -0.503ns

    Location             Delay type                Incr(ns)  Path(ns)    Netlist Resource(s)
  -------------------------------------------------------------------    -------------------
                         (clock clk_out1_clk_wiz_0 rise edge)
                                                      0.000     0.000 r  
    W5                                                0.000     0.000 r  sys_clk (IN)
                         net (fo=0)                   0.000     0.000    clk_wiz_inst/inst/clk_in1
    W5                   IBUF (Prop_ibuf_I_O)         0.226     0.226 r  clk_wiz_inst/inst/clkin1_ibufg/O
                         net (fo=1, routed)           0.440     0.667    clk_wiz_inst/inst/clk_in1_clk_wiz_0
    MMCME2_ADV_X1Y0      MMCME2_ADV (Prop_mmcme2_adv_CLKIN1_CLKOUT0)
                                                     -2.360    -1.693 r  clk_wiz_inst/inst/mmcm_adv_inst/CLKOUT0
                         net (fo=1, routed)           0.486    -1.207    clk_wiz_inst/inst/clk_out1_clk_wiz_0
    BUFGCTRL_X0Y0        BUFG (Prop_bufg_I_O)         0.026    -1.181 r  clk_wiz_inst/inst/clkout1_buf/O
                         net (fo=377, routed)         0.555    -0.626    dut/cont/clk_out1
    SLICE_X35Y18         FDRE                                         r  dut/cont/FSM_onehot_state_reg[7]/C
  -------------------------------------------------------------------    -------------------
    SLICE_X35Y18         FDRE (Prop_fdre_C_Q)         0.128    -0.498 r  dut/cont/FSM_onehot_state_reg[7]/Q
                         net (fo=5, routed)           0.201    -0.297    dut/cont/FSM_onehot_state_reg[13]_0[7]
    SLICE_X36Y20         FDRE                                         r  dut/cont/FSM_onehot_state_reg[8]/D
  -------------------------------------------------------------------    -------------------

                         (clock clk_out1_clk_wiz_0 rise edge)
                                                      0.000     0.000 r  
    W5                                                0.000     0.000 r  sys_clk (IN)
                         net (fo=0)                   0.000     0.000    clk_wiz_inst/inst/clk_in1
    W5                   IBUF (Prop_ibuf_I_O)         0.414     0.414 r  clk_wiz_inst/inst/clkin1_ibufg/O
                         net (fo=1, routed)           0.480     0.894    clk_wiz_inst/inst/clk_in1_clk_wiz_0
    MMCME2_ADV_X1Y0      MMCME2_ADV (Prop_mmcme2_adv_CLKIN1_CLKOUT0)
                                                     -3.142    -2.248 r  clk_wiz_inst/inst/mmcm_adv_inst/CLKOUT0
                         net (fo=1, routed)           0.530    -1.718    clk_wiz_inst/inst/clk_out1_clk_wiz_0
    BUFGCTRL_X0Y0        BUFG (Prop_bufg_I_O)         0.029    -1.689 r  clk_wiz_inst/inst/clkout1_buf/O
                         net (fo=377, routed)         0.821    -0.869    dut/cont/clk_out1
    SLICE_X36Y20         FDRE                                         r  dut/cont/FSM_onehot_state_reg[8]/C
                         clock pessimism              0.503    -0.365    
    SLICE_X36Y20         FDRE (Hold_fdre_C_D)         0.019    -0.346    dut/cont/FSM_onehot_state_reg[8]
  -------------------------------------------------------------------
                         required time                          0.346    
                         arrival time                          -0.297    
  -------------------------------------------------------------------
                         slack                                  0.049    

Slack (MET) :             0.064ns  (arrival time - required time)
  Source:                 dut/dp/areg/q_reg[9]/C
                            (rising edge-triggered cell FDRE clocked by clk_out1_clk_wiz_0  {rise@0.000ns fall@5.000ns period=10.000ns})
  Destination:            dut/dp/pcreg/q_reg[9]/D
                            (rising edge-triggered cell FDRE clocked by clk_out1_clk_wiz_0  {rise@0.000ns fall@5.000ns period=10.000ns})
  Path Group:             clk_out1_clk_wiz_0
  Path Type:              Hold (Min at Fast Process Corner)
  Requirement:            0.000ns  (clk_out1_clk_wiz_0 rise@0.000ns - clk_out1_clk_wiz_0 rise@0.000ns)
  Data Path Delay:        0.450ns  (logic 0.209ns (46.435%)  route 0.241ns (53.565%))
  Logic Levels:           1  (LUT6=1)
  Clock Path Skew:        0.265ns (DCD - SCD - CPR)
    Destination Clock Delay (DCD):    -0.862ns
    Source Clock Delay      (SCD):    -0.623ns
    Clock Pessimism Removal (CPR):    -0.503ns

    Location             Delay type                Incr(ns)  Path(ns)    Netlist Resource(s)
  -------------------------------------------------------------------    -------------------
                         (clock clk_out1_clk_wiz_0 rise edge)
                                                      0.000     0.000 r  
    W5                                                0.000     0.000 r  sys_clk (IN)
                         net (fo=0)                   0.000     0.000    clk_wiz_inst/inst/clk_in1
    W5                   IBUF (Prop_ibuf_I_O)         0.226     0.226 r  clk_wiz_inst/inst/clkin1_ibufg/O
                         net (fo=1, routed)           0.440     0.667    clk_wiz_inst/inst/clk_in1_clk_wiz_0
    MMCME2_ADV_X1Y0      MMCME2_ADV (Prop_mmcme2_adv_CLKIN1_CLKOUT0)
                                                     -2.360    -1.693 r  clk_wiz_inst/inst/mmcm_adv_inst/CLKOUT0
                         net (fo=1, routed)           0.486    -1.207    clk_wiz_inst/inst/clk_out1_clk_wiz_0
    BUFGCTRL_X0Y0        BUFG (Prop_bufg_I_O)         0.026    -1.181 r  clk_wiz_inst/inst/clkout1_buf/O
                         net (fo=377, routed)         0.558    -0.623    dut/dp/areg/clk_out1
    SLICE_X34Y15         FDRE                                         r  dut/dp/areg/q_reg[9]/C
  -------------------------------------------------------------------    -------------------
    SLICE_X34Y15         FDRE (Prop_fdre_C_Q)         0.164    -0.459 r  dut/dp/areg/q_reg[9]/Q
                         net (fo=3, routed)           0.241    -0.218    dut/dp/ir_reg/q_reg[9]_2
    SLICE_X38Y12         LUT6 (Prop_lut6_I5_O)        0.045    -0.173 r  dut/dp/ir_reg/q[9]_i_1/O
                         net (fo=1, routed)           0.000    -0.173    dut/dp/pcreg/q_reg[31]_3[9]
    SLICE_X38Y12         FDRE                                         r  dut/dp/pcreg/q_reg[9]/D
  -------------------------------------------------------------------    -------------------

                         (clock clk_out1_clk_wiz_0 rise edge)
                                                      0.000     0.000 r  
    W5                                                0.000     0.000 r  sys_clk (IN)
                         net (fo=0)                   0.000     0.000    clk_wiz_inst/inst/clk_in1
    W5                   IBUF (Prop_ibuf_I_O)         0.414     0.414 r  clk_wiz_inst/inst/clkin1_ibufg/O
                         net (fo=1, routed)           0.480     0.894    clk_wiz_inst/inst/clk_in1_clk_wiz_0
    MMCME2_ADV_X1Y0      MMCME2_ADV (Prop_mmcme2_adv_CLKIN1_CLKOUT0)
                                                     -3.142    -2.248 r  clk_wiz_inst/inst/mmcm_adv_inst/CLKOUT0
                         net (fo=1, routed)           0.530    -1.718    clk_wiz_inst/inst/clk_out1_clk_wiz_0
    BUFGCTRL_X0Y0        BUFG (Prop_bufg_I_O)         0.029    -1.689 r  clk_wiz_inst/inst/clkout1_buf/O
                         net (fo=377, routed)         0.828    -0.862    dut/dp/pcreg/clk_out1
    SLICE_X38Y12         FDRE                                         r  dut/dp/pcreg/q_reg[9]/C
                         clock pessimism              0.503    -0.358    
    SLICE_X38Y12         FDRE (Hold_fdre_C_D)         0.121    -0.237    dut/dp/pcreg/q_reg[9]
  -------------------------------------------------------------------
                         required time                          0.237    
                         arrival time                          -0.173    
  -------------------------------------------------------------------
                         slack                                  0.064    

Slack (MET) :             0.097ns  (arrival time - required time)
  Source:                 dut/dp/mdr/q_reg[12]/C
                            (rising edge-triggered cell FDRE clocked by clk_out1_clk_wiz_0  {rise@0.000ns fall@5.000ns period=10.000ns})
  Destination:            dut/dp/rf/RAM_reg_r1_0_31_12_17/RAMA/I
                            (rising edge-triggered cell RAMD32 clocked by clk_out1_clk_wiz_0  {rise@0.000ns fall@5.000ns period=10.000ns})
  Path Group:             clk_out1_clk_wiz_0
  Path Type:              Hold (Min at Fast Process Corner)
  Requirement:            0.000ns  (clk_out1_clk_wiz_0 rise@0.000ns - clk_out1_clk_wiz_0 rise@0.000ns)
  Data Path Delay:        0.506ns  (logic 0.186ns (36.794%)  route 0.320ns (63.206%))
  Logic Levels:           1  (LUT3=1)
  Clock Path Skew:        0.262ns (DCD - SCD - CPR)
    Destination Clock Delay (DCD):    -0.867ns
    Source Clock Delay      (SCD):    -0.625ns
    Clock Pessimism Removal (CPR):    -0.503ns

    Location             Delay type                Incr(ns)  Path(ns)    Netlist Resource(s)
  -------------------------------------------------------------------    -------------------
                         (clock clk_out1_clk_wiz_0 rise edge)
                                                      0.000     0.000 r  
    W5                                                0.000     0.000 r  sys_clk (IN)
                         net (fo=0)                   0.000     0.000    clk_wiz_inst/inst/clk_in1
    W5                   IBUF (Prop_ibuf_I_O)         0.226     0.226 r  clk_wiz_inst/inst/clkin1_ibufg/O
                         net (fo=1, routed)           0.440     0.667    clk_wiz_inst/inst/clk_in1_clk_wiz_0
    MMCME2_ADV_X1Y0      MMCME2_ADV (Prop_mmcme2_adv_CLKIN1_CLKOUT0)
                                                     -2.360    -1.693 r  clk_wiz_inst/inst/mmcm_adv_inst/CLKOUT0
                         net (fo=1, routed)           0.486    -1.207    clk_wiz_inst/inst/clk_out1_clk_wiz_0
    BUFGCTRL_X0Y0        BUFG (Prop_bufg_I_O)         0.026    -1.181 r  clk_wiz_inst/inst/clkout1_buf/O
                         net (fo=377, routed)         0.556    -0.625    dut/dp/mdr/clk_out1
    SLICE_X37Y18         FDRE                                         r  dut/dp/mdr/q_reg[12]/C
  -------------------------------------------------------------------    -------------------
    SLICE_X37Y18         FDRE (Prop_fdre_C_Q)         0.141    -0.484 r  dut/dp/mdr/q_reg[12]/Q
                         net (fo=1, routed)           0.156    -0.328    dut/dp/mdr/q_reg_n_0_[12]
    SLICE_X37Y18         LUT3 (Prop_lut3_I0_O)        0.045    -0.283 r  dut/dp/mdr/RAM_reg_r1_0_31_12_17_i_2/O
                         net (fo=2, routed)           0.163    -0.120    dut/dp/rf/RAM_reg_r1_0_31_12_17/DIA0
    SLICE_X34Y17         RAMD32                                       r  dut/dp/rf/RAM_reg_r1_0_31_12_17/RAMA/I
  -------------------------------------------------------------------    -------------------

                         (clock clk_out1_clk_wiz_0 rise edge)
                                                      0.000     0.000 r  
    W5                                                0.000     0.000 r  sys_clk (IN)
                         net (fo=0)                   0.000     0.000    clk_wiz_inst/inst/clk_in1
    W5                   IBUF (Prop_ibuf_I_O)         0.414     0.414 r  clk_wiz_inst/inst/clkin1_ibufg/O
                         net (fo=1, routed)           0.480     0.894    clk_wiz_inst/inst/clk_in1_clk_wiz_0
    MMCME2_ADV_X1Y0      MMCME2_ADV (Prop_mmcme2_adv_CLKIN1_CLKOUT0)
                                                     -3.142    -2.248 r  clk_wiz_inst/inst/mmcm_adv_inst/CLKOUT0
                         net (fo=1, routed)           0.530    -1.718    clk_wiz_inst/inst/clk_out1_clk_wiz_0
    BUFGCTRL_X0Y0        BUFG (Prop_bufg_I_O)         0.029    -1.689 r  clk_wiz_inst/inst/clkout1_buf/O
                         net (fo=377, routed)         0.823    -0.867    dut/dp/rf/RAM_reg_r1_0_31_12_17/WCLK
    SLICE_X34Y17         RAMD32                                       r  dut/dp/rf/RAM_reg_r1_0_31_12_17/RAMA/CLK
                         clock pessimism              0.503    -0.363    
    SLICE_X34Y17         RAMD32 (Hold_ramd32_CLK_I)
                                                      0.147    -0.216    dut/dp/rf/RAM_reg_r1_0_31_12_17/RAMA
  -------------------------------------------------------------------
                         required time                          0.216    
                         arrival time                          -0.120    
  -------------------------------------------------------------------
                         slack                                  0.097    

Slack (MET) :             0.101ns  (arrival time - required time)
  Source:                 dut/cont/FSM_onehot_state_reg[4]/C
                            (rising edge-triggered cell FDRE clocked by clk_out1_clk_wiz_0  {rise@0.000ns fall@5.000ns period=10.000ns})
  Destination:            dut/dp/rf/RAM_reg_r2_0_31_30_31/SP/I
                            (rising edge-triggered cell RAMD32 clocked by clk_out1_clk_wiz_0  {rise@0.000ns fall@5.000ns period=10.000ns})
  Path Group:             clk_out1_clk_wiz_0
  Path Type:              Hold (Min at Fast Process Corner)
  Requirement:            0.000ns  (clk_out1_clk_wiz_0 rise@0.000ns - clk_out1_clk_wiz_0 rise@0.000ns)
  Data Path Delay:        0.508ns  (logic 0.186ns (36.608%)  route 0.322ns (63.392%))
  Logic Levels:           1  (LUT3=1)
  Clock Path Skew:        0.261ns (DCD - SCD - CPR)
    Destination Clock Delay (DCD):    -0.869ns
    Source Clock Delay      (SCD):    -0.626ns
    Clock Pessimism Removal (CPR):    -0.503ns

    Location             Delay type                Incr(ns)  Path(ns)    Netlist Resource(s)
  -------------------------------------------------------------------    -------------------
                         (clock clk_out1_clk_wiz_0 rise edge)
                                                      0.000     0.000 r  
    W5                                                0.000     0.000 r  sys_clk (IN)
                         net (fo=0)                   0.000     0.000    clk_wiz_inst/inst/clk_in1
    W5                   IBUF (Prop_ibuf_I_O)         0.226     0.226 r  clk_wiz_inst/inst/clkin1_ibufg/O
                         net (fo=1, routed)           0.440     0.667    clk_wiz_inst/inst/clk_in1_clk_wiz_0
    MMCME2_ADV_X1Y0      MMCME2_ADV (Prop_mmcme2_adv_CLKIN1_CLKOUT0)
                                                     -2.360    -1.693 r  clk_wiz_inst/inst/mmcm_adv_inst/CLKOUT0
                         net (fo=1, routed)           0.486    -1.207    clk_wiz_inst/inst/clk_out1_clk_wiz_0
    BUFGCTRL_X0Y0        BUFG (Prop_bufg_I_O)         0.026    -1.181 r  clk_wiz_inst/inst/clkout1_buf/O
                         net (fo=377, routed)         0.555    -0.626    dut/cont/clk_out1
    SLICE_X37Y19         FDRE                                         r  dut/cont/FSM_onehot_state_reg[4]/C
  -------------------------------------------------------------------    -------------------
    SLICE_X37Y19         FDRE (Prop_fdre_C_Q)         0.141    -0.485 r  dut/cont/FSM_onehot_state_reg[4]/Q
                         net (fo=33, routed)          0.193    -0.293    dut/dp/mdr/q_reg[1]_0[0]
    SLICE_X36Y19         LUT3 (Prop_lut3_I1_O)        0.045    -0.248 r  dut/dp/mdr/RAM_reg_r1_0_31_30_31_i_1__0/O
                         net (fo=4, routed)           0.130    -0.118    dut/dp/rf/RAM_reg_r2_0_31_30_31/D
    SLICE_X34Y19         RAMD32                                       r  dut/dp/rf/RAM_reg_r2_0_31_30_31/SP/I
  -------------------------------------------------------------------    -------------------

                         (clock clk_out1_clk_wiz_0 rise edge)
                                                      0.000     0.000 r  
    W5                                                0.000     0.000 r  sys_clk (IN)
                         net (fo=0)                   0.000     0.000    clk_wiz_inst/inst/clk_in1
    W5                   IBUF (Prop_ibuf_I_O)         0.414     0.414 r  clk_wiz_inst/inst/clkin1_ibufg/O
                         net (fo=1, routed)           0.480     0.894    clk_wiz_inst/inst/clk_in1_clk_wiz_0
    MMCME2_ADV_X1Y0      MMCME2_ADV (Prop_mmcme2_adv_CLKIN1_CLKOUT0)
                                                     -3.142    -2.248 r  clk_wiz_inst/inst/mmcm_adv_inst/CLKOUT0
                         net (fo=1, routed)           0.530    -1.718    clk_wiz_inst/inst/clk_out1_clk_wiz_0
    BUFGCTRL_X0Y0        BUFG (Prop_bufg_I_O)         0.029    -1.689 r  clk_wiz_inst/inst/clkout1_buf/O
                         net (fo=377, routed)         0.821    -0.869    dut/dp/rf/RAM_reg_r2_0_31_30_31/WCLK
    SLICE_X34Y19         RAMD32                                       r  dut/dp/rf/RAM_reg_r2_0_31_30_31/SP/CLK
                         clock pessimism              0.503    -0.365    
    SLICE_X34Y19         RAMD32 (Hold_ramd32_CLK_I)
                                                      0.146    -0.219    dut/dp/rf/RAM_reg_r2_0_31_30_31/SP
  -------------------------------------------------------------------
                         required time                          0.219    
                         arrival time                          -0.118    
  -------------------------------------------------------------------
                         slack                                  0.101    

Slack (MET) :             0.114ns  (arrival time - required time)
  Source:                 dut/dp/mdr/q_reg[16]/C
                            (rising edge-triggered cell FDRE clocked by clk_out1_clk_wiz_0  {rise@0.000ns fall@5.000ns period=10.000ns})
  Destination:            dut/dp/rf/RAM_reg_r2_0_31_12_17/RAMC/I
                            (rising edge-triggered cell RAMD32 clocked by clk_out1_clk_wiz_0  {rise@0.000ns fall@5.000ns period=10.000ns})
  Path Group:             clk_out1_clk_wiz_0
  Path Type:              Hold (Min at Fast Process Corner)
  Requirement:            0.000ns  (clk_out1_clk_wiz_0 rise@0.000ns - clk_out1_clk_wiz_0 rise@0.000ns)
  Data Path Delay:        0.520ns  (logic 0.186ns (35.764%)  route 0.334ns (64.236%))
  Logic Levels:           1  (LUT3=1)
  Clock Path Skew:        0.262ns (DCD - SCD - CPR)
    Destination Clock Delay (DCD):    -0.868ns
    Source Clock Delay      (SCD):    -0.626ns
    Clock Pessimism Removal (CPR):    -0.503ns

    Location             Delay type                Incr(ns)  Path(ns)    Netlist Resource(s)
  -------------------------------------------------------------------    -------------------
                         (clock clk_out1_clk_wiz_0 rise edge)
                                                      0.000     0.000 r  
    W5                                                0.000     0.000 r  sys_clk (IN)
                         net (fo=0)                   0.000     0.000    clk_wiz_inst/inst/clk_in1
    W5                   IBUF (Prop_ibuf_I_O)         0.226     0.226 r  clk_wiz_inst/inst/clkin1_ibufg/O
                         net (fo=1, routed)           0.440     0.667    clk_wiz_inst/inst/clk_in1_clk_wiz_0
    MMCME2_ADV_X1Y0      MMCME2_ADV (Prop_mmcme2_adv_CLKIN1_CLKOUT0)
                                                     -2.360    -1.693 r  clk_wiz_inst/inst/mmcm_adv_inst/CLKOUT0
                         net (fo=1, routed)           0.486    -1.207    clk_wiz_inst/inst/clk_out1_clk_wiz_0
    BUFGCTRL_X0Y0        BUFG (Prop_bufg_I_O)         0.026    -1.181 r  clk_wiz_inst/inst/clkout1_buf/O
                         net (fo=377, routed)         0.555    -0.626    dut/dp/mdr/clk_out1
    SLICE_X36Y19         FDRE                                         r  dut/dp/mdr/q_reg[16]/C
  -------------------------------------------------------------------    -------------------
    SLICE_X36Y19         FDRE (Prop_fdre_C_Q)         0.141    -0.485 r  dut/dp/mdr/q_reg[16]/Q
                         net (fo=1, routed)           0.129    -0.356    dut/dp/mdr/q_reg_n_0_[16]
    SLICE_X39Y19         LUT3 (Prop_lut3_I0_O)        0.045    -0.311 r  dut/dp/mdr/RAM_reg_r1_0_31_12_17_i_6/O
                         net (fo=2, routed)           0.205    -0.106    dut/dp/rf/RAM_reg_r2_0_31_12_17/DIC0
    SLICE_X34Y18         RAMD32                                       r  dut/dp/rf/RAM_reg_r2_0_31_12_17/RAMC/I
  -------------------------------------------------------------------    -------------------

                         (clock clk_out1_clk_wiz_0 rise edge)
                                                      0.000     0.000 r  
    W5                                                0.000     0.000 r  sys_clk (IN)
                         net (fo=0)                   0.000     0.000    clk_wiz_inst/inst/clk_in1
    W5                   IBUF (Prop_ibuf_I_O)         0.414     0.414 r  clk_wiz_inst/inst/clkin1_ibufg/O
                         net (fo=1, routed)           0.480     0.894    clk_wiz_inst/inst/clk_in1_clk_wiz_0
    MMCME2_ADV_X1Y0      MMCME2_ADV (Prop_mmcme2_adv_CLKIN1_CLKOUT0)
                                                     -3.142    -2.248 r  clk_wiz_inst/inst/mmcm_adv_inst/CLKOUT0
                         net (fo=1, routed)           0.530    -1.718    clk_wiz_inst/inst/clk_out1_clk_wiz_0
    BUFGCTRL_X0Y0        BUFG (Prop_bufg_I_O)         0.029    -1.689 r  clk_wiz_inst/inst/clkout1_buf/O
                         net (fo=377, routed)         0.822    -0.868    dut/dp/rf/RAM_reg_r2_0_31_12_17/WCLK
    SLICE_X34Y18         RAMD32                                       r  dut/dp/rf/RAM_reg_r2_0_31_12_17/RAMC/CLK
                         clock pessimism              0.503    -0.364    
    SLICE_X34Y18         RAMD32 (Hold_ramd32_CLK_I)
                                                      0.144    -0.220    dut/dp/rf/RAM_reg_r2_0_31_12_17/RAMC
  -------------------------------------------------------------------
                         required time                          0.220    
                         arrival time                          -0.106    
  -------------------------------------------------------------------
                         slack                                  0.114    

Slack (MET) :             0.125ns  (arrival time - required time)
  Source:                 dut/dp/mdr/q_reg[12]/C
                            (rising edge-triggered cell FDRE clocked by clk_out1_clk_wiz_0  {rise@0.000ns fall@5.000ns period=10.000ns})
  Destination:            dut/dp/rf/RAM_reg_r2_0_31_12_17/RAMA/I
                            (rising edge-triggered cell RAMD32 clocked by clk_out1_clk_wiz_0  {rise@0.000ns fall@5.000ns period=10.000ns})
  Path Group:             clk_out1_clk_wiz_0
  Path Type:              Hold (Min at Fast Process Corner)
  Requirement:            0.000ns  (clk_out1_clk_wiz_0 rise@0.000ns - clk_out1_clk_wiz_0 rise@0.000ns)
  Data Path Delay:        0.533ns  (logic 0.186ns (34.891%)  route 0.347ns (65.109%))
  Logic Levels:           1  (LUT3=1)
  Clock Path Skew:        0.261ns (DCD - SCD - CPR)
    Destination Clock Delay (DCD):    -0.868ns
    Source Clock Delay      (SCD):    -0.625ns
    Clock Pessimism Removal (CPR):    -0.503ns

    Location             Delay type                Incr(ns)  Path(ns)    Netlist Resource(s)
  -------------------------------------------------------------------    -------------------
                         (clock clk_out1_clk_wiz_0 rise edge)
                                                      0.000     0.000 r  
    W5                                                0.000     0.000 r  sys_clk (IN)
                         net (fo=0)                   0.000     0.000    clk_wiz_inst/inst/clk_in1
    W5                   IBUF (Prop_ibuf_I_O)         0.226     0.226 r  clk_wiz_inst/inst/clkin1_ibufg/O
                         net (fo=1, routed)           0.440     0.667    clk_wiz_inst/inst/clk_in1_clk_wiz_0
    MMCME2_ADV_X1Y0      MMCME2_ADV (Prop_mmcme2_adv_CLKIN1_CLKOUT0)
                                                     -2.360    -1.693 r  clk_wiz_inst/inst/mmcm_adv_inst/CLKOUT0
                         net (fo=1, routed)           0.486    -1.207    clk_wiz_inst/inst/clk_out1_clk_wiz_0
    BUFGCTRL_X0Y0        BUFG (Prop_bufg_I_O)         0.026    -1.181 r  clk_wiz_inst/inst/clkout1_buf/O
                         net (fo=377, routed)         0.556    -0.625    dut/dp/mdr/clk_out1
    SLICE_X37Y18         FDRE                                         r  dut/dp/mdr/q_reg[12]/C
  -------------------------------------------------------------------    -------------------
    SLICE_X37Y18         FDRE (Prop_fdre_C_Q)         0.141    -0.484 r  dut/dp/mdr/q_reg[12]/Q
                         net (fo=1, routed)           0.156    -0.328    dut/dp/mdr/q_reg_n_0_[12]
    SLICE_X37Y18         LUT3 (Prop_lut3_I0_O)        0.045    -0.283 r  dut/dp/mdr/RAM_reg_r1_0_31_12_17_i_2/O
                         net (fo=2, routed)           0.191    -0.092    dut/dp/rf/RAM_reg_r2_0_31_12_17/DIA0
    SLICE_X34Y18         RAMD32                                       r  dut/dp/rf/RAM_reg_r2_0_31_12_17/RAMA/I
  -------------------------------------------------------------------    -------------------

                         (clock clk_out1_clk_wiz_0 rise edge)
                                                      0.000     0.000 r  
    W5                                                0.000     0.000 r  sys_clk (IN)
                         net (fo=0)                   0.000     0.000    clk_wiz_inst/inst/clk_in1
    W5                   IBUF (Prop_ibuf_I_O)         0.414     0.414 r  clk_wiz_inst/inst/clkin1_ibufg/O
                         net (fo=1, routed)           0.480     0.894    clk_wiz_inst/inst/clk_in1_clk_wiz_0
    MMCME2_ADV_X1Y0      MMCME2_ADV (Prop_mmcme2_adv_CLKIN1_CLKOUT0)
                                                     -3.142    -2.248 r  clk_wiz_inst/inst/mmcm_adv_inst/CLKOUT0
                         net (fo=1, routed)           0.530    -1.718    clk_wiz_inst/inst/clk_out1_clk_wiz_0
    BUFGCTRL_X0Y0        BUFG (Prop_bufg_I_O)         0.029    -1.689 r  clk_wiz_inst/inst/clkout1_buf/O
                         net (fo=377, routed)         0.822    -0.868    dut/dp/rf/RAM_reg_r2_0_31_12_17/WCLK
    SLICE_X34Y18         RAMD32                                       r  dut/dp/rf/RAM_reg_r2_0_31_12_17/RAMA/CLK
                         clock pessimism              0.503    -0.364    
    SLICE_X34Y18         RAMD32 (Hold_ramd32_CLK_I)
                                                      0.147    -0.217    dut/dp/rf/RAM_reg_r2_0_31_12_17/RAMA
  -------------------------------------------------------------------
                         required time                          0.217    
                         arrival time                          -0.092    
  -------------------------------------------------------------------
                         slack                                  0.125    

Slack (MET) :             0.128ns  (arrival time - required time)
  Source:                 dut/dp/areg/q_reg[13]/C
                            (rising edge-triggered cell FDRE clocked by clk_out1_clk_wiz_0  {rise@0.000ns fall@5.000ns period=10.000ns})
  Destination:            dut/dp/pcreg/q_reg[13]/D
                            (rising edge-triggered cell FDRE clocked by clk_out1_clk_wiz_0  {rise@0.000ns fall@5.000ns period=10.000ns})
  Path Group:             clk_out1_clk_wiz_0
  Path Type:              Hold (Min at Fast Process Corner)
  Requirement:            0.000ns  (clk_out1_clk_wiz_0 rise@0.000ns - clk_out1_clk_wiz_0 rise@0.000ns)
  Data Path Delay:        0.483ns  (logic 0.209ns (43.300%)  route 0.274ns (56.700%))
  Logic Levels:           1  (LUT6=1)
  Clock Path Skew:        0.264ns (DCD - SCD - CPR)
    Destination Clock Delay (DCD):    -0.865ns
    Source Clock Delay      (SCD):    -0.625ns
    Clock Pessimism Removal (CPR):    -0.503ns

    Location             Delay type                Incr(ns)  Path(ns)    Netlist Resource(s)
  -------------------------------------------------------------------    -------------------
                         (clock clk_out1_clk_wiz_0 rise edge)
                                                      0.000     0.000 r  
    W5                                                0.000     0.000 r  sys_clk (IN)
                         net (fo=0)                   0.000     0.000    clk_wiz_inst/inst/clk_in1
    W5                   IBUF (Prop_ibuf_I_O)         0.226     0.226 r  clk_wiz_inst/inst/clkin1_ibufg/O
                         net (fo=1, routed)           0.440     0.667    clk_wiz_inst/inst/clk_in1_clk_wiz_0
    MMCME2_ADV_X1Y0      MMCME2_ADV (Prop_mmcme2_adv_CLKIN1_CLKOUT0)
                                                     -2.360    -1.693 r  clk_wiz_inst/inst/mmcm_adv_inst/CLKOUT0
                         net (fo=1, routed)           0.486    -1.207    clk_wiz_inst/inst/clk_out1_clk_wiz_0
    BUFGCTRL_X0Y0        BUFG (Prop_bufg_I_O)         0.026    -1.181 r  clk_wiz_inst/inst/clkout1_buf/O
                         net (fo=377, routed)         0.556    -0.625    dut/dp/areg/clk_out1
    SLICE_X34Y17         FDRE                                         r  dut/dp/areg/q_reg[13]/C
  -------------------------------------------------------------------    -------------------
    SLICE_X34Y17         FDRE (Prop_fdre_C_Q)         0.164    -0.461 r  dut/dp/areg/q_reg[13]/Q
                         net (fo=3, routed)           0.274    -0.188    dut/dp/ir_reg/q_reg[13]_1
    SLICE_X39Y16         LUT6 (Prop_lut6_I5_O)        0.045    -0.143 r  dut/dp/ir_reg/q[13]_i_1/O
                         net (fo=1, routed)           0.000    -0.143    dut/dp/pcreg/q_reg[31]_3[13]
    SLICE_X39Y16         FDRE                                         r  dut/dp/pcreg/q_reg[13]/D
  -------------------------------------------------------------------    -------------------

                         (clock clk_out1_clk_wiz_0 rise edge)
                                                      0.000     0.000 r  
    W5                                                0.000     0.000 r  sys_clk (IN)
                         net (fo=0)                   0.000     0.000    clk_wiz_inst/inst/clk_in1
    W5                   IBUF (Prop_ibuf_I_O)         0.414     0.414 r  clk_wiz_inst/inst/clkin1_ibufg/O
                         net (fo=1, routed)           0.480     0.894    clk_wiz_inst/inst/clk_in1_clk_wiz_0
    MMCME2_ADV_X1Y0      MMCME2_ADV (Prop_mmcme2_adv_CLKIN1_CLKOUT0)
                                                     -3.142    -2.248 r  clk_wiz_inst/inst/mmcm_adv_inst/CLKOUT0
                         net (fo=1, routed)           0.530    -1.718    clk_wiz_inst/inst/clk_out1_clk_wiz_0
    BUFGCTRL_X0Y0        BUFG (Prop_bufg_I_O)         0.029    -1.689 r  clk_wiz_inst/inst/clkout1_buf/O
                         net (fo=377, routed)         0.825    -0.865    dut/dp/pcreg/clk_out1
    SLICE_X39Y16         FDRE                                         r  dut/dp/pcreg/q_reg[13]/C
                         clock pessimism              0.503    -0.361    
    SLICE_X39Y16         FDRE (Hold_fdre_C_D)         0.091    -0.270    dut/dp/pcreg/q_reg[13]
  -------------------------------------------------------------------
                         required time                          0.270    
                         arrival time                          -0.143    
  -------------------------------------------------------------------
                         slack                                  0.128    

Slack (MET) :             0.132ns  (arrival time - required time)
  Source:                 dut/dp/ir_reg/q_reg[25]/C
                            (rising edge-triggered cell FDRE clocked by clk_out1_clk_wiz_0  {rise@0.000ns fall@5.000ns period=10.000ns})
  Destination:            dut/dp/areg/q_reg[12]/D
                            (rising edge-triggered cell FDRE clocked by clk_out1_clk_wiz_0  {rise@0.000ns fall@5.000ns period=10.000ns})
  Path Group:             clk_out1_clk_wiz_0
  Path Type:              Hold (Min at Fast Process Corner)
  Requirement:            0.000ns  (clk_out1_clk_wiz_0 rise@0.000ns - clk_out1_clk_wiz_0 rise@0.000ns)
  Data Path Delay:        0.527ns  (logic 0.229ns (43.454%)  route 0.298ns (56.546%))
  Logic Levels:           1  (RAMD32=1)
  Clock Path Skew:        0.264ns (DCD - SCD - CPR)
    Destination Clock Delay (DCD):    -0.867ns
    Source Clock Delay      (SCD):    -0.627ns
    Clock Pessimism Removal (CPR):    -0.503ns

    Location             Delay type                Incr(ns)  Path(ns)    Netlist Resource(s)
  -------------------------------------------------------------------    -------------------
                         (clock clk_out1_clk_wiz_0 rise edge)
                                                      0.000     0.000 r  
    W5                                                0.000     0.000 r  sys_clk (IN)
                         net (fo=0)                   0.000     0.000    clk_wiz_inst/inst/clk_in1
    W5                   IBUF (Prop_ibuf_I_O)         0.226     0.226 r  clk_wiz_inst/inst/clkin1_ibufg/O
                         net (fo=1, routed)           0.440     0.667    clk_wiz_inst/inst/clk_in1_clk_wiz_0
    MMCME2_ADV_X1Y0      MMCME2_ADV (Prop_mmcme2_adv_CLKIN1_CLKOUT0)
                                                     -2.360    -1.693 r  clk_wiz_inst/inst/mmcm_adv_inst/CLKOUT0
                         net (fo=1, routed)           0.486    -1.207    clk_wiz_inst/inst/clk_out1_clk_wiz_0
    BUFGCTRL_X0Y0        BUFG (Prop_bufg_I_O)         0.026    -1.181 r  clk_wiz_inst/inst/clkout1_buf/O
                         net (fo=377, routed)         0.554    -0.627    dut/dp/ir_reg/clk_out1
    SLICE_X37Y20         FDRE                                         r  dut/dp/ir_reg/q_reg[25]/C
  -------------------------------------------------------------------    -------------------
    SLICE_X37Y20         FDRE (Prop_fdre_C_Q)         0.128    -0.499 r  dut/dp/ir_reg/q_reg[25]/Q
                         net (fo=33, routed)          0.298    -0.201    dut/dp/rf/RAM_reg_r1_0_31_12_17/ADDRA4
    SLICE_X34Y17         RAMD32 (Prop_ramd32_RADR4_O)
                                                      0.101    -0.100 r  dut/dp/rf/RAM_reg_r1_0_31_12_17/RAMA/O
                         net (fo=1, routed)           0.000    -0.100    dut/dp/areg/rd10[12]
    SLICE_X34Y17         FDRE                                         r  dut/dp/areg/q_reg[12]/D
  -------------------------------------------------------------------    -------------------

                         (clock clk_out1_clk_wiz_0 rise edge)
                                                      0.000     0.000 r  
    W5                                                0.000     0.000 r  sys_clk (IN)
                         net (fo=0)                   0.000     0.000    clk_wiz_inst/inst/clk_in1
    W5                   IBUF (Prop_ibuf_I_O)         0.414     0.414 r  clk_wiz_inst/inst/clkin1_ibufg/O
                         net (fo=1, routed)           0.480     0.894    clk_wiz_inst/inst/clk_in1_clk_wiz_0
    MMCME2_ADV_X1Y0      MMCME2_ADV (Prop_mmcme2_adv_CLKIN1_CLKOUT0)
                                                     -3.142    -2.248 r  clk_wiz_inst/inst/mmcm_adv_inst/CLKOUT0
                         net (fo=1, routed)           0.530    -1.718    clk_wiz_inst/inst/clk_out1_clk_wiz_0
    BUFGCTRL_X0Y0        BUFG (Prop_bufg_I_O)         0.029    -1.689 r  clk_wiz_inst/inst/clkout1_buf/O
                         net (fo=377, routed)         0.823    -0.867    dut/dp/areg/clk_out1
    SLICE_X34Y17         FDRE                                         r  dut/dp/areg/q_reg[12]/C
                         clock pessimism              0.503    -0.363    
    SLICE_X34Y17         FDRE (Hold_fdre_C_D)         0.131    -0.232    dut/dp/areg/q_reg[12]
  -------------------------------------------------------------------
                         required time                          0.232    
                         arrival time                          -0.100    
  -------------------------------------------------------------------
                         slack                                  0.132    

Slack (MET) :             0.136ns  (arrival time - required time)
  Source:                 dut/dp/ir_reg/q_reg[25]/C
                            (rising edge-triggered cell FDRE clocked by clk_out1_clk_wiz_0  {rise@0.000ns fall@5.000ns period=10.000ns})
  Destination:            dut/dp/areg/q_reg[14]/D
                            (rising edge-triggered cell FDRE clocked by clk_out1_clk_wiz_0  {rise@0.000ns fall@5.000ns period=10.000ns})
  Path Group:             clk_out1_clk_wiz_0
  Path Type:              Hold (Min at Fast Process Corner)
  Requirement:            0.000ns  (clk_out1_clk_wiz_0 rise@0.000ns - clk_out1_clk_wiz_0 rise@0.000ns)
  Data Path Delay:        0.531ns  (logic 0.229ns (43.126%)  route 0.302ns (56.874%))
  Logic Levels:           1  (RAMD32=1)
  Clock Path Skew:        0.264ns (DCD - SCD - CPR)
    Destination Clock Delay (DCD):    -0.867ns
    Source Clock Delay      (SCD):    -0.627ns
    Clock Pessimism Removal (CPR):    -0.503ns

    Location             Delay type                Incr(ns)  Path(ns)    Netlist Resource(s)
  -------------------------------------------------------------------    -------------------
                         (clock clk_out1_clk_wiz_0 rise edge)
                                                      0.000     0.000 r  
    W5                                                0.000     0.000 r  sys_clk (IN)
                         net (fo=0)                   0.000     0.000    clk_wiz_inst/inst/clk_in1
    W5                   IBUF (Prop_ibuf_I_O)         0.226     0.226 r  clk_wiz_inst/inst/clkin1_ibufg/O
                         net (fo=1, routed)           0.440     0.667    clk_wiz_inst/inst/clk_in1_clk_wiz_0
    MMCME2_ADV_X1Y0      MMCME2_ADV (Prop_mmcme2_adv_CLKIN1_CLKOUT0)
                                                     -2.360    -1.693 r  clk_wiz_inst/inst/mmcm_adv_inst/CLKOUT0
                         net (fo=1, routed)           0.486    -1.207    clk_wiz_inst/inst/clk_out1_clk_wiz_0
    BUFGCTRL_X0Y0        BUFG (Prop_bufg_I_O)         0.026    -1.181 r  clk_wiz_inst/inst/clkout1_buf/O
                         net (fo=377, routed)         0.554    -0.627    dut/dp/ir_reg/clk_out1
    SLICE_X37Y20         FDRE                                         r  dut/dp/ir_reg/q_reg[25]/C
  -------------------------------------------------------------------    -------------------
    SLICE_X37Y20         FDRE (Prop_fdre_C_Q)         0.128    -0.499 r  dut/dp/ir_reg/q_reg[25]/Q
                         net (fo=33, routed)          0.302    -0.197    dut/dp/rf/RAM_reg_r1_0_31_12_17/ADDRB4
    SLICE_X34Y17         RAMD32 (Prop_ramd32_RADR4_O)
                                                      0.101    -0.096 r  dut/dp/rf/RAM_reg_r1_0_31_12_17/RAMB/O
                         net (fo=1, routed)           0.000    -0.096    dut/dp/areg/rd10[14]
    SLICE_X34Y17         FDRE                                         r  dut/dp/areg/q_reg[14]/D
  -------------------------------------------------------------------    -------------------

                         (clock clk_out1_clk_wiz_0 rise edge)
                                                      0.000     0.000 r  
    W5                                                0.000     0.000 r  sys_clk (IN)
                         net (fo=0)                   0.000     0.000    clk_wiz_inst/inst/clk_in1
    W5                   IBUF (Prop_ibuf_I_O)         0.414     0.414 r  clk_wiz_inst/inst/clkin1_ibufg/O
                         net (fo=1, routed)           0.480     0.894    clk_wiz_inst/inst/clk_in1_clk_wiz_0
    MMCME2_ADV_X1Y0      MMCME2_ADV (Prop_mmcme2_adv_CLKIN1_CLKOUT0)
                                                     -3.142    -2.248 r  clk_wiz_inst/inst/mmcm_adv_inst/CLKOUT0
                         net (fo=1, routed)           0.530    -1.718    clk_wiz_inst/inst/clk_out1_clk_wiz_0
    BUFGCTRL_X0Y0        BUFG (Prop_bufg_I_O)         0.029    -1.689 r  clk_wiz_inst/inst/clkout1_buf/O
                         net (fo=377, routed)         0.823    -0.867    dut/dp/areg/clk_out1
    SLICE_X34Y17         FDRE                                         r  dut/dp/areg/q_reg[14]/C
                         clock pessimism              0.503    -0.363    
    SLICE_X34Y17         FDRE (Hold_fdre_C_D)         0.131    -0.232    dut/dp/areg/q_reg[14]
  -------------------------------------------------------------------
                         required time                          0.232    
                         arrival time                          -0.096    
  -------------------------------------------------------------------
                         slack                                  0.136    

Slack (MET) :             0.138ns  (arrival time - required time)
  Source:                 dut/dp/areg/q_reg[7]/C
                            (rising edge-triggered cell FDRE clocked by clk_out1_clk_wiz_0  {rise@0.000ns fall@5.000ns period=10.000ns})
  Destination:            dut/dp/pcreg/q_reg[7]/D
                            (rising edge-triggered cell FDRE clocked by clk_out1_clk_wiz_0  {rise@0.000ns fall@5.000ns period=10.000ns})
  Path Group:             clk_out1_clk_wiz_0
  Path Type:              Hold (Min at Fast Process Corner)
  Requirement:            0.000ns  (clk_out1_clk_wiz_0 rise@0.000ns - clk_out1_clk_wiz_0 rise@0.000ns)
  Data Path Delay:        0.523ns  (logic 0.209ns (39.999%)  route 0.314ns (60.001%))
  Logic Levels:           1  (LUT6=1)
  Clock Path Skew:        0.265ns (DCD - SCD - CPR)
    Destination Clock Delay (DCD):    -0.862ns
    Source Clock Delay      (SCD):    -0.623ns
    Clock Pessimism Removal (CPR):    -0.503ns

    Location             Delay type                Incr(ns)  Path(ns)    Netlist Resource(s)
  -------------------------------------------------------------------    -------------------
                         (clock clk_out1_clk_wiz_0 rise edge)
                                                      0.000     0.000 r  
    W5                                                0.000     0.000 r  sys_clk (IN)
                         net (fo=0)                   0.000     0.000    clk_wiz_inst/inst/clk_in1
    W5                   IBUF (Prop_ibuf_I_O)         0.226     0.226 r  clk_wiz_inst/inst/clkin1_ibufg/O
                         net (fo=1, routed)           0.440     0.667    clk_wiz_inst/inst/clk_in1_clk_wiz_0
    MMCME2_ADV_X1Y0      MMCME2_ADV (Prop_mmcme2_adv_CLKIN1_CLKOUT0)
                                                     -2.360    -1.693 r  clk_wiz_inst/inst/mmcm_adv_inst/CLKOUT0
                         net (fo=1, routed)           0.486    -1.207    clk_wiz_inst/inst/clk_out1_clk_wiz_0
    BUFGCTRL_X0Y0        BUFG (Prop_bufg_I_O)         0.026    -1.181 r  clk_wiz_inst/inst/clkout1_buf/O
                         net (fo=377, routed)         0.558    -0.623    dut/dp/areg/clk_out1
    SLICE_X34Y15         FDRE                                         r  dut/dp/areg/q_reg[7]/C
  -------------------------------------------------------------------    -------------------
    SLICE_X34Y15         FDRE (Prop_fdre_C_Q)         0.164    -0.459 r  dut/dp/areg/q_reg[7]/Q
                         net (fo=3, routed)           0.314    -0.146    dut/dp/ir_reg/q_reg[7]_1
    SLICE_X38Y12         LUT6 (Prop_lut6_I5_O)        0.045    -0.101 r  dut/dp/ir_reg/q[7]_i_1/O
                         net (fo=1, routed)           0.000    -0.101    dut/dp/pcreg/q_reg[31]_3[7]
    SLICE_X38Y12         FDRE                                         r  dut/dp/pcreg/q_reg[7]/D
  -------------------------------------------------------------------    -------------------

                         (clock clk_out1_clk_wiz_0 rise edge)
                                                      0.000     0.000 r  
    W5                                                0.000     0.000 r  sys_clk (IN)
                         net (fo=0)                   0.000     0.000    clk_wiz_inst/inst/clk_in1
    W5                   IBUF (Prop_ibuf_I_O)         0.414     0.414 r  clk_wiz_inst/inst/clkin1_ibufg/O
                         net (fo=1, routed)           0.480     0.894    clk_wiz_inst/inst/clk_in1_clk_wiz_0
    MMCME2_ADV_X1Y0      MMCME2_ADV (Prop_mmcme2_adv_CLKIN1_CLKOUT0)
                                                     -3.142    -2.248 r  clk_wiz_inst/inst/mmcm_adv_inst/CLKOUT0
                         net (fo=1, routed)           0.530    -1.718    clk_wiz_inst/inst/clk_out1_clk_wiz_0
    BUFGCTRL_X0Y0        BUFG (Prop_bufg_I_O)         0.029    -1.689 r  clk_wiz_inst/inst/clkout1_buf/O
                         net (fo=377, routed)         0.828    -0.862    dut/dp/pcreg/clk_out1
    SLICE_X38Y12         FDRE                                         r  dut/dp/pcreg/q_reg[7]/C
                         clock pessimism              0.503    -0.358    
    SLICE_X38Y12         FDRE (Hold_fdre_C_D)         0.120    -0.238    dut/dp/pcreg/q_reg[7]
  -------------------------------------------------------------------
                         required time                          0.238    
                         arrival time                          -0.101    
  -------------------------------------------------------------------
                         slack                                  0.138    





Pulse Width Checks
--------------------------------------------------------------------------------------
Clock Name:         clk_out1_clk_wiz_0
Waveform(ns):       { 0.000 5.000 }
Period(ns):         10.000
Sources:            { clk_wiz_inst/inst/mmcm_adv_inst/CLKOUT0 }

Check Type        Corner  Lib Pin             Reference Pin  Required(ns)  Actual(ns)  Slack(ns)  Location         Pin
Min Period        n/a     RAMB36E1/CLKARDCLK  n/a            2.576         10.000      7.424      RAMB36_X1Y3      <hidden>
Min Period        n/a     RAMB36E1/CLKBWRCLK  n/a            2.576         10.000      7.424      RAMB36_X1Y3      <hidden>
Min Period        n/a     RAMB36E1/CLKARDCLK  n/a            2.576         10.000      7.424      RAMB36_X1Y4      <hidden>
Min Period        n/a     RAMB36E1/CLKBWRCLK  n/a            2.576         10.000      7.424      RAMB36_X1Y4      <hidden>
Min Period        n/a     BUFG/I              n/a            2.155         10.000      7.845      BUFGCTRL_X0Y0    clk_wiz_inst/inst/clkout1_buf/I
Min Period        n/a     MMCME2_ADV/CLKOUT0  n/a            1.249         10.000      8.751      MMCME2_ADV_X1Y0  clk_wiz_inst/inst/mmcm_adv_inst/CLKOUT0
Min Period        n/a     FDSE/C              n/a            1.000         10.000      9.000      SLICE_X37Y19     dut/cont/FSM_onehot_state_reg[0]/C
Min Period        n/a     FDRE/C              n/a            1.000         10.000      9.000      SLICE_X36Y20     dut/cont/FSM_onehot_state_reg[10]/C
Min Period        n/a     FDRE/C              n/a            1.000         10.000      9.000      SLICE_X36Y20     dut/cont/FSM_onehot_state_reg[11]/C
Min Period        n/a     FDRE/C              n/a            1.000         10.000      9.000      SLICE_X36Y20     dut/cont/FSM_onehot_state_reg[12]/C
Max Period        n/a     MMCME2_ADV/CLKOUT0  n/a            213.360       10.000      203.360    MMCME2_ADV_X1Y0  clk_wiz_inst/inst/mmcm_adv_inst/CLKOUT0
Low Pulse Width   Slow    RAMD32/CLK          n/a            1.250         5.000       3.750      SLICE_X38Y15     dut/dp/rf/RAM_reg_r1_0_31_0_5/RAMA/CLK
Low Pulse Width   Fast    RAMD32/CLK          n/a            1.250         5.000       3.750      SLICE_X38Y15     dut/dp/rf/RAM_reg_r1_0_31_0_5/RAMA/CLK
Low Pulse Width   Slow    RAMD32/CLK          n/a            1.250         5.000       3.750      SLICE_X38Y15     dut/dp/rf/RAM_reg_r1_0_31_0_5/RAMA_D1/CLK
Low Pulse Width   Fast    RAMD32/CLK          n/a            1.250         5.000       3.750      SLICE_X38Y15     dut/dp/rf/RAM_reg_r1_0_31_0_5/RAMA_D1/CLK
Low Pulse Width   Slow    RAMD32/CLK          n/a            1.250         5.000       3.750      SLICE_X38Y15     dut/dp/rf/RAM_reg_r1_0_31_0_5/RAMB/CLK
Low Pulse Width   Fast    RAMD32/CLK          n/a            1.250         5.000       3.750      SLICE_X38Y15     dut/dp/rf/RAM_reg_r1_0_31_0_5/RAMB/CLK
Low Pulse Width   Slow    RAMD32/CLK          n/a            1.250         5.000       3.750      SLICE_X38Y15     dut/dp/rf/RAM_reg_r1_0_31_0_5/RAMB_D1/CLK
Low Pulse Width   Fast    RAMD32/CLK          n/a            1.250         5.000       3.750      SLICE_X38Y15     dut/dp/rf/RAM_reg_r1_0_31_0_5/RAMB_D1/CLK
Low Pulse Width   Slow    RAMD32/CLK          n/a            1.250         5.000       3.750      SLICE_X38Y15     dut/dp/rf/RAM_reg_r1_0_31_0_5/RAMC/CLK
Low Pulse Width   Fast    RAMD32/CLK          n/a            1.250         5.000       3.750      SLICE_X38Y15     dut/dp/rf/RAM_reg_r1_0_31_0_5/RAMC/CLK
High Pulse Width  Slow    RAMD32/CLK          n/a            1.250         5.000       3.750      SLICE_X38Y15     dut/dp/rf/RAM_reg_r1_0_31_0_5/RAMA/CLK
High Pulse Width  Fast    RAMD32/CLK          n/a            1.250         5.000       3.750      SLICE_X38Y15     dut/dp/rf/RAM_reg_r1_0_31_0_5/RAMA/CLK
High Pulse Width  Slow    RAMD32/CLK          n/a            1.250         5.000       3.750      SLICE_X38Y15     dut/dp/rf/RAM_reg_r1_0_31_0_5/RAMA_D1/CLK
High Pulse Width  Fast    RAMD32/CLK          n/a            1.250         5.000       3.750      SLICE_X38Y15     dut/dp/rf/RAM_reg_r1_0_31_0_5/RAMA_D1/CLK
High Pulse Width  Slow    RAMD32/CLK          n/a            1.250         5.000       3.750      SLICE_X38Y15     dut/dp/rf/RAM_reg_r1_0_31_0_5/RAMB/CLK
High Pulse Width  Fast    RAMD32/CLK          n/a            1.250         5.000       3.750      SLICE_X38Y15     dut/dp/rf/RAM_reg_r1_0_31_0_5/RAMB/CLK
High Pulse Width  Slow    RAMD32/CLK          n/a            1.250         5.000       3.750      SLICE_X38Y15     dut/dp/rf/RAM_reg_r1_0_31_0_5/RAMB_D1/CLK
High Pulse Width  Fast    RAMD32/CLK          n/a            1.250         5.000       3.750      SLICE_X38Y15     dut/dp/rf/RAM_reg_r1_0_31_0_5/RAMB_D1/CLK
High Pulse Width  Slow    RAMD32/CLK          n/a            1.250         5.000       3.750      SLICE_X38Y15     dut/dp/rf/RAM_reg_r1_0_31_0_5/RAMC/CLK
High Pulse Width  Fast    RAMD32/CLK          n/a            1.250         5.000       3.750      SLICE_X38Y15     dut/dp/rf/RAM_reg_r1_0_31_0_5/RAMC/CLK



---------------------------------------------------------------------------------------------------
From Clock:  clkfbout_clk_wiz_0
  To Clock:  clkfbout_clk_wiz_0

Setup :           NA  Failing Endpoints,  Worst Slack           NA  ,  Total Violation           NA
Hold  :           NA  Failing Endpoints,  Worst Slack           NA  ,  Total Violation           NA
PW    :            0  Failing Endpoints,  Worst Slack        7.845ns,  Total Violation        0.000ns
---------------------------------------------------------------------------------------------------


Pulse Width Checks
--------------------------------------------------------------------------------------
Clock Name:         clkfbout_clk_wiz_0
Waveform(ns):       { 0.000 5.000 }
Period(ns):         10.000
Sources:            { clk_wiz_inst/inst/mmcm_adv_inst/CLKFBOUT }

Check Type  Corner  Lib Pin              Reference Pin  Required(ns)  Actual(ns)  Slack(ns)  Location         Pin
Min Period  n/a     BUFG/I               n/a            2.155         10.000      7.845      BUFGCTRL_X0Y1    clk_wiz_inst/inst/clkf_buf/I
Min Period  n/a     MMCME2_ADV/CLKFBOUT  n/a            1.249         10.000      8.751      MMCME2_ADV_X1Y0  clk_wiz_inst/inst/mmcm_adv_inst/CLKFBOUT
Min Period  n/a     MMCME2_ADV/CLKFBIN   n/a            1.249         10.000      8.751      MMCME2_ADV_X1Y0  clk_wiz_inst/inst/mmcm_adv_inst/CLKFBIN
Max Period  n/a     MMCME2_ADV/CLKFBIN   n/a            100.000       10.000      90.000     MMCME2_ADV_X1Y0  clk_wiz_inst/inst/mmcm_adv_inst/CLKFBIN
Max Period  n/a     MMCME2_ADV/CLKFBOUT  n/a            213.360       10.000      203.360    MMCME2_ADV_X1Y0  clk_wiz_inst/inst/mmcm_adv_inst/CLKFBOUT



--------------------------------------------------------------------------------------
Path Group:  (none)
From Clock:  
  To Clock:  

Max Delay            10 Endpoints
Min Delay            10 Endpoints
--------------------------------------------------------------------------------------


Max Delay Paths
--------------------------------------------------------------------------------------
Slack:                    inf
  Source:                 io_inst/seg_inst/current_digit_reg/C
                            (rising edge-triggered cell FDRE)
  Destination:            an[0]
                            (output port)
  Path Group:             (none)
  Path Type:              Max at Slow Process Corner
  Data Path Delay:        8.500ns  (logic 4.378ns (51.507%)  route 4.122ns (48.493%))
  Logic Levels:           3  (FDRE=1 LUT1=1 OBUF=1)

    Location             Delay type                Incr(ns)  Path(ns)    Netlist Resource(s)
  -------------------------------------------------------------------    -------------------
    SLICE_X50Y28         FDRE                         0.000     0.000 r  io_inst/seg_inst/current_digit_reg/C
    SLICE_X50Y28         FDRE (Prop_fdre_C_Q)         0.518     0.518 f  io_inst/seg_inst/current_digit_reg/Q
                         net (fo=9, routed)           1.239     1.757    io_inst/seg_inst/current_digit_reg_0
    SLICE_X51Y18         LUT1 (Prop_lut1_I0_O)        0.154     1.911 r  io_inst/seg_inst/an_OBUF[0]_inst_i_1/O
                         net (fo=2, routed)           2.883     4.794    an_OBUF[0]
    U2                   OBUF (Prop_obuf_I_O)         3.706     8.500 r  an_OBUF[0]_inst/O
                         net (fo=0)                   0.000     8.500    an[0]
    U2                                                                r  an[0] (OUT)
  -------------------------------------------------------------------    -------------------

Slack:                    inf
  Source:                 io_inst/seg_inst/current_digit_reg/C
                            (rising edge-triggered cell FDRE)
  Destination:            seg_data[3]
                            (output port)
  Path Group:             (none)
  Path Type:              Max at Slow Process Corner
  Data Path Delay:        8.060ns  (logic 4.178ns (51.829%)  route 3.883ns (48.171%))
  Logic Levels:           3  (FDRE=1 LUT5=1 OBUF=1)

    Location             Delay type                Incr(ns)  Path(ns)    Netlist Resource(s)
  -------------------------------------------------------------------    -------------------
    SLICE_X50Y28         FDRE                         0.000     0.000 r  io_inst/seg_inst/current_digit_reg/C
    SLICE_X50Y28         FDRE (Prop_fdre_C_Q)         0.518     0.518 r  io_inst/seg_inst/current_digit_reg/Q
                         net (fo=9, routed)           1.574     2.092    io_inst/seg_inst/current_digit_reg_0
    SLICE_X52Y18         LUT5 (Prop_lut5_I3_O)        0.124     2.216 r  io_inst/seg_inst/seg_data_OBUF[3]_inst_i_1/O
                         net (fo=1, routed)           2.309     4.525    seg_data_OBUF[3]
    V8                   OBUF (Prop_obuf_I_O)         3.536     8.060 r  seg_data_OBUF[3]_inst/O
                         net (fo=0)                   0.000     8.060    seg_data[3]
    V8                                                                r  seg_data[3] (OUT)
  -------------------------------------------------------------------    -------------------

Slack:                    inf
  Source:                 io_inst/seg_inst/current_digit_reg/C
                            (rising edge-triggered cell FDRE)
  Destination:            seg_data[1]
                            (output port)
  Path Group:             (none)
  Path Type:              Max at Slow Process Corner
  Data Path Delay:        7.990ns  (logic 4.171ns (52.207%)  route 3.819ns (47.793%))
  Logic Levels:           3  (FDRE=1 LUT5=1 OBUF=1)

    Location             Delay type                Incr(ns)  Path(ns)    Netlist Resource(s)
  -------------------------------------------------------------------    -------------------
    SLICE_X50Y28         FDRE                         0.000     0.000 r  io_inst/seg_inst/current_digit_reg/C
    SLICE_X50Y28         FDRE (Prop_fdre_C_Q)         0.518     0.518 r  io_inst/seg_inst/current_digit_reg/Q
                         net (fo=9, routed)           1.381     1.899    io_inst/seg_inst/current_digit_reg_0
    SLICE_X51Y17         LUT5 (Prop_lut5_I1_O)        0.124     2.023 r  io_inst/seg_inst/seg_data_OBUF[1]_inst_i_1/O
                         net (fo=1, routed)           2.437     4.461    seg_data_OBUF[1]
    W6                   OBUF (Prop_obuf_I_O)         3.529     7.990 r  seg_data_OBUF[1]_inst/O
                         net (fo=0)                   0.000     7.990    seg_data[1]
    W6                                                                r  seg_data[1] (OUT)
  -------------------------------------------------------------------    -------------------

Slack:                    inf
  Source:                 io_inst/seg_inst/current_digit_reg/C
                            (rising edge-triggered cell FDRE)
  Destination:            seg_data[0]
                            (output port)
  Path Group:             (none)
  Path Type:              Max at Slow Process Corner
  Data Path Delay:        7.884ns  (logic 4.153ns (52.672%)  route 3.731ns (47.328%))
  Logic Levels:           3  (FDRE=1 LUT5=1 OBUF=1)

    Location             Delay type                Incr(ns)  Path(ns)    Netlist Resource(s)
  -------------------------------------------------------------------    -------------------
    SLICE_X50Y28         FDRE                         0.000     0.000 r  io_inst/seg_inst/current_digit_reg/C
    SLICE_X50Y28         FDRE (Prop_fdre_C_Q)         0.518     0.518 r  io_inst/seg_inst/current_digit_reg/Q
                         net (fo=9, routed)           1.383     1.901    io_inst/seg_inst/current_digit_reg_0
    SLICE_X50Y17         LUT5 (Prop_lut5_I3_O)        0.124     2.025 r  io_inst/seg_inst/seg_data_OBUF[0]_inst_i_1/O
                         net (fo=1, routed)           2.348     4.373    seg_data_OBUF[0]
    W7                   OBUF (Prop_obuf_I_O)         3.511     7.884 r  seg_data_OBUF[0]_inst/O
                         net (fo=0)                   0.000     7.884    seg_data[0]
    W7                                                                r  seg_data[0] (OUT)
  -------------------------------------------------------------------    -------------------

Slack:                    inf
  Source:                 io_inst/seg_inst/current_digit_reg/C
                            (rising edge-triggered cell FDRE)
  Destination:            seg_data[6]
                            (output port)
  Path Group:             (none)
  Path Type:              Max at Slow Process Corner
  Data Path Delay:        7.729ns  (logic 4.173ns (54.000%)  route 3.555ns (46.000%))
  Logic Levels:           3  (FDRE=1 LUT5=1 OBUF=1)

    Location             Delay type                Incr(ns)  Path(ns)    Netlist Resource(s)
  -------------------------------------------------------------------    -------------------
    SLICE_X50Y28         FDRE                         0.000     0.000 r  io_inst/seg_inst/current_digit_reg/C
    SLICE_X50Y28         FDRE (Prop_fdre_C_Q)         0.518     0.518 r  io_inst/seg_inst/current_digit_reg/Q
                         net (fo=9, routed)           1.189     1.707    io_inst/seg_inst/current_digit_reg_0
    SLICE_X50Y17         LUT5 (Prop_lut5_I3_O)        0.124     1.831 r  io_inst/seg_inst/seg_data_OBUF[6]_inst_i_1/O
                         net (fo=1, routed)           2.366     4.197    seg_data_OBUF[6]
    U7                   OBUF (Prop_obuf_I_O)         3.531     7.729 r  seg_data_OBUF[6]_inst/O
                         net (fo=0)                   0.000     7.729    seg_data[6]
    U7                                                                r  seg_data[6] (OUT)
  -------------------------------------------------------------------    -------------------

Slack:                    inf
  Source:                 io_inst/seg_inst/current_digit_reg/C
                            (rising edge-triggered cell FDRE)
  Destination:            seg_data[4]
                            (output port)
  Path Group:             (none)
  Path Type:              Max at Slow Process Corner
  Data Path Delay:        7.671ns  (logic 4.162ns (54.255%)  route 3.509ns (45.745%))
  Logic Levels:           3  (FDRE=1 LUT6=1 OBUF=1)

    Location             Delay type                Incr(ns)  Path(ns)    Netlist Resource(s)
  -------------------------------------------------------------------    -------------------
    SLICE_X50Y28         FDRE                         0.000     0.000 r  io_inst/seg_inst/current_digit_reg/C
    SLICE_X50Y28         FDRE (Prop_fdre_C_Q)         0.518     0.518 r  io_inst/seg_inst/current_digit_reg/Q
                         net (fo=9, routed)           1.262     1.780    io_inst/seg_inst/current_digit_reg_0
    SLICE_X50Y18         LUT6 (Prop_lut6_I2_O)        0.124     1.904 r  io_inst/seg_inst/seg_data_OBUF[4]_inst_i_1/O
                         net (fo=1, routed)           2.247     4.151    seg_data_OBUF[4]
    U5                   OBUF (Prop_obuf_I_O)         3.520     7.671 r  seg_data_OBUF[4]_inst/O
                         net (fo=0)                   0.000     7.671    seg_data[4]
    U5                                                                r  seg_data[4] (OUT)
  -------------------------------------------------------------------    -------------------

Slack:                    inf
  Source:                 io_inst/seg_inst/current_digit_reg/C
                            (rising edge-triggered cell FDRE)
  Destination:            seg_data[5]
                            (output port)
  Path Group:             (none)
  Path Type:              Max at Slow Process Corner
  Data Path Delay:        7.641ns  (logic 4.146ns (54.262%)  route 3.495ns (45.738%))
  Logic Levels:           3  (FDRE=1 LUT5=1 OBUF=1)

    Location             Delay type                Incr(ns)  Path(ns)    Netlist Resource(s)
  -------------------------------------------------------------------    -------------------
    SLICE_X50Y28         FDRE                         0.000     0.000 r  io_inst/seg_inst/current_digit_reg/C
    SLICE_X50Y28         FDRE (Prop_fdre_C_Q)         0.518     0.518 r  io_inst/seg_inst/current_digit_reg/Q
                         net (fo=9, routed)           1.239     1.757    io_inst/seg_inst/current_digit_reg_0
    SLICE_X51Y18         LUT5 (Prop_lut5_I3_O)        0.124     1.881 r  io_inst/seg_inst/seg_data_OBUF[5]_inst_i_1/O
                         net (fo=1, routed)           2.256     4.137    seg_data_OBUF[5]
    V5                   OBUF (Prop_obuf_I_O)         3.504     7.641 r  seg_data_OBUF[5]_inst/O
                         net (fo=0)                   0.000     7.641    seg_data[5]
    V5                                                                r  seg_data[5] (OUT)
  -------------------------------------------------------------------    -------------------

Slack:                    inf
  Source:                 io_inst/seg_inst/current_digit_reg/C
                            (rising edge-triggered cell FDRE)
  Destination:            seg_data[2]
                            (output port)
  Path Group:             (none)
  Path Type:              Max at Slow Process Corner
  Data Path Delay:        7.226ns  (logic 4.177ns (57.807%)  route 3.049ns (42.193%))
  Logic Levels:           3  (FDRE=1 LUT6=1 OBUF=1)

    Location             Delay type                Incr(ns)  Path(ns)    Netlist Resource(s)
  -------------------------------------------------------------------    -------------------
    SLICE_X50Y28         FDRE                         0.000     0.000 r  io_inst/seg_inst/current_digit_reg/C
    SLICE_X50Y28         FDRE (Prop_fdre_C_Q)         0.518     0.518 r  io_inst/seg_inst/current_digit_reg/Q
                         net (fo=9, routed)           0.876     1.394    io_inst/seg_inst/current_digit_reg_0
    SLICE_X52Y18         LUT6 (Prop_lut6_I2_O)        0.124     1.518 r  io_inst/seg_inst/seg_data_OBUF[2]_inst_i_1/O
                         net (fo=1, routed)           2.173     3.691    seg_data_OBUF[2]
    U8                   OBUF (Prop_obuf_I_O)         3.535     7.226 r  seg_data_OBUF[2]_inst/O
                         net (fo=0)                   0.000     7.226    seg_data[2]
    U8                                                                r  seg_data[2] (OUT)
  -------------------------------------------------------------------    -------------------

Slack:                    inf
  Source:                 io_inst/seg_inst/current_digit_reg/C
                            (rising edge-triggered cell FDRE)
  Destination:            an[1]
                            (output port)
  Path Group:             (none)
  Path Type:              Max at Slow Process Corner
  Data Path Delay:        6.128ns  (logic 4.017ns (65.550%)  route 2.111ns (34.450%))
  Logic Levels:           2  (FDRE=1 OBUF=1)

    Location             Delay type                Incr(ns)  Path(ns)    Netlist Resource(s)
  -------------------------------------------------------------------    -------------------
    SLICE_X50Y28         FDRE                         0.000     0.000 r  io_inst/seg_inst/current_digit_reg/C
    SLICE_X50Y28         FDRE (Prop_fdre_C_Q)         0.518     0.518 r  io_inst/seg_inst/current_digit_reg/Q
                         net (fo=9, routed)           2.111     2.629    an_OBUF[1]
    U4                   OBUF (Prop_obuf_I_O)         3.499     6.128 r  an_OBUF[1]_inst/O
                         net (fo=0)                   0.000     6.128    an[1]
    U4                                                                r  an[1] (OUT)
  -------------------------------------------------------------------    -------------------

Slack:                    inf
  Source:                 io_inst/seg_inst/current_digit_reg/C
                            (rising edge-triggered cell FDRE)
  Destination:            io_inst/seg_inst/current_digit_reg/D
  Path Group:             (none)
  Path Type:              Max at Slow Process Corner
  Data Path Delay:        2.686ns  (logic 0.672ns (25.016%)  route 2.014ns (74.984%))
  Logic Levels:           2  (FDRE=1 LUT1=1)

    Location             Delay type                Incr(ns)  Path(ns)    Netlist Resource(s)
  -------------------------------------------------------------------    -------------------
    SLICE_X50Y28         FDRE                         0.000     0.000 r  io_inst/seg_inst/current_digit_reg/C
    SLICE_X50Y28         FDRE (Prop_fdre_C_Q)         0.518     0.518 f  io_inst/seg_inst/current_digit_reg/Q
                         net (fo=9, routed)           1.239     1.757    io_inst/seg_inst/current_digit_reg_0
    SLICE_X51Y18         LUT1 (Prop_lut1_I0_O)        0.154     1.911 r  io_inst/seg_inst/an_OBUF[0]_inst_i_1/O
                         net (fo=2, routed)           0.775     2.686    io_inst/seg_inst/an_OBUF[0]
    SLICE_X50Y28         FDRE                                         r  io_inst/seg_inst/current_digit_reg/D
  -------------------------------------------------------------------    -------------------





Min Delay Paths
--------------------------------------------------------------------------------------
Slack:                    inf
  Source:                 io_inst/seg_inst/current_digit_reg/C
                            (rising edge-triggered cell FDRE)
  Destination:            io_inst/seg_inst/current_digit_reg/D
  Path Group:             (none)
  Path Type:              Min at Fast Process Corner
  Data Path Delay:        1.042ns  (logic 0.208ns (19.956%)  route 0.834ns (80.044%))
  Logic Levels:           2  (FDRE=1 LUT1=1)

    Location             Delay type                Incr(ns)  Path(ns)    Netlist Resource(s)
  -------------------------------------------------------------------    -------------------
    SLICE_X50Y28         FDRE                         0.000     0.000 r  io_inst/seg_inst/current_digit_reg/C
    SLICE_X50Y28         FDRE (Prop_fdre_C_Q)         0.164     0.164 f  io_inst/seg_inst/current_digit_reg/Q
                         net (fo=9, routed)           0.508     0.672    io_inst/seg_inst/current_digit_reg_0
    SLICE_X51Y18         LUT1 (Prop_lut1_I0_O)        0.044     0.716 r  io_inst/seg_inst/an_OBUF[0]_inst_i_1/O
                         net (fo=2, routed)           0.326     1.042    io_inst/seg_inst/an_OBUF[0]
    SLICE_X50Y28         FDRE                                         r  io_inst/seg_inst/current_digit_reg/D
  -------------------------------------------------------------------    -------------------

Slack:                    inf
  Source:                 io_inst/seg_inst/current_digit_reg/C
                            (rising edge-triggered cell FDRE)
  Destination:            an[1]
                            (output port)
  Path Group:             (none)
  Path Type:              Min at Fast Process Corner
  Data Path Delay:        1.927ns  (logic 1.364ns (70.817%)  route 0.562ns (29.183%))
  Logic Levels:           2  (FDRE=1 OBUF=1)

    Location             Delay type                Incr(ns)  Path(ns)    Netlist Resource(s)
  -------------------------------------------------------------------    -------------------
    SLICE_X50Y28         FDRE                         0.000     0.000 r  io_inst/seg_inst/current_digit_reg/C
    SLICE_X50Y28         FDRE (Prop_fdre_C_Q)         0.164     0.164 r  io_inst/seg_inst/current_digit_reg/Q
                         net (fo=9, routed)           0.562     0.726    an_OBUF[1]
    U4                   OBUF (Prop_obuf_I_O)         1.200     1.927 r  an_OBUF[1]_inst/O
                         net (fo=0)                   0.000     1.927    an[1]
    U4                                                                r  an[1] (OUT)
  -------------------------------------------------------------------    -------------------

Slack:                    inf
  Source:                 io_inst/seg_inst/current_digit_reg/C
                            (rising edge-triggered cell FDRE)
  Destination:            seg_data[2]
                            (output port)
  Path Group:             (none)
  Path Type:              Min at Fast Process Corner
  Data Path Delay:        2.438ns  (logic 1.445ns (59.272%)  route 0.993ns (40.728%))
  Logic Levels:           3  (FDRE=1 LUT6=1 OBUF=1)

    Location             Delay type                Incr(ns)  Path(ns)    Netlist Resource(s)
  -------------------------------------------------------------------    -------------------
    SLICE_X50Y28         FDRE                         0.000     0.000 r  io_inst/seg_inst/current_digit_reg/C
    SLICE_X50Y28         FDRE (Prop_fdre_C_Q)         0.164     0.164 r  io_inst/seg_inst/current_digit_reg/Q
                         net (fo=9, routed)           0.394     0.558    io_inst/seg_inst/current_digit_reg_0
    SLICE_X52Y18         LUT6 (Prop_lut6_I2_O)        0.045     0.603 r  io_inst/seg_inst/seg_data_OBUF[2]_inst_i_1/O
                         net (fo=1, routed)           0.599     1.202    seg_data_OBUF[2]
    U8                   OBUF (Prop_obuf_I_O)         1.236     2.438 r  seg_data_OBUF[2]_inst/O
                         net (fo=0)                   0.000     2.438    seg_data[2]
    U8                                                                r  seg_data[2] (OUT)
  -------------------------------------------------------------------    -------------------

Slack:                    inf
  Source:                 io_inst/seg_inst/current_digit_reg/C
                            (rising edge-triggered cell FDRE)
  Destination:            seg_data[4]
                            (output port)
  Path Group:             (none)
  Path Type:              Min at Fast Process Corner
  Data Path Delay:        2.524ns  (logic 1.430ns (56.653%)  route 1.094ns (43.347%))
  Logic Levels:           3  (FDRE=1 LUT6=1 OBUF=1)

    Location             Delay type                Incr(ns)  Path(ns)    Netlist Resource(s)
  -------------------------------------------------------------------    -------------------
    SLICE_X50Y28         FDRE                         0.000     0.000 r  io_inst/seg_inst/current_digit_reg/C
    SLICE_X50Y28         FDRE (Prop_fdre_C_Q)         0.164     0.164 r  io_inst/seg_inst/current_digit_reg/Q
                         net (fo=9, routed)           0.480     0.644    io_inst/seg_inst/current_digit_reg_0
    SLICE_X50Y18         LUT6 (Prop_lut6_I2_O)        0.045     0.689 r  io_inst/seg_inst/seg_data_OBUF[4]_inst_i_1/O
                         net (fo=1, routed)           0.614     1.303    seg_data_OBUF[4]
    U5                   OBUF (Prop_obuf_I_O)         1.221     2.524 r  seg_data_OBUF[4]_inst/O
                         net (fo=0)                   0.000     2.524    seg_data[4]
    U5                                                                r  seg_data[4] (OUT)
  -------------------------------------------------------------------    -------------------

Slack:                    inf
  Source:                 io_inst/seg_inst/current_digit_reg/C
                            (rising edge-triggered cell FDRE)
  Destination:            seg_data[5]
                            (output port)
  Path Group:             (none)
  Path Type:              Min at Fast Process Corner
  Data Path Delay:        2.530ns  (logic 1.415ns (55.919%)  route 1.115ns (44.081%))
  Logic Levels:           3  (FDRE=1 LUT5=1 OBUF=1)

    Location             Delay type                Incr(ns)  Path(ns)    Netlist Resource(s)
  -------------------------------------------------------------------    -------------------
    SLICE_X50Y28         FDRE                         0.000     0.000 r  io_inst/seg_inst/current_digit_reg/C
    SLICE_X50Y28         FDRE (Prop_fdre_C_Q)         0.164     0.164 r  io_inst/seg_inst/current_digit_reg/Q
                         net (fo=9, routed)           0.508     0.672    io_inst/seg_inst/current_digit_reg_0
    SLICE_X51Y18         LUT5 (Prop_lut5_I3_O)        0.045     0.717 r  io_inst/seg_inst/seg_data_OBUF[5]_inst_i_1/O
                         net (fo=1, routed)           0.607     1.324    seg_data_OBUF[5]
    V5                   OBUF (Prop_obuf_I_O)         1.206     2.530 r  seg_data_OBUF[5]_inst/O
                         net (fo=0)                   0.000     2.530    seg_data[5]
    V5                                                                r  seg_data[5] (OUT)
  -------------------------------------------------------------------    -------------------

Slack:                    inf
  Source:                 io_inst/seg_inst/current_digit_reg/C
                            (rising edge-triggered cell FDRE)
  Destination:            seg_data[6]
                            (output port)
  Path Group:             (none)
  Path Type:              Min at Fast Process Corner
  Data Path Delay:        2.560ns  (logic 1.441ns (56.313%)  route 1.118ns (43.687%))
  Logic Levels:           3  (FDRE=1 LUT5=1 OBUF=1)

    Location             Delay type                Incr(ns)  Path(ns)    Netlist Resource(s)
  -------------------------------------------------------------------    -------------------
    SLICE_X50Y28         FDRE                         0.000     0.000 r  io_inst/seg_inst/current_digit_reg/C
    SLICE_X50Y28         FDRE (Prop_fdre_C_Q)         0.164     0.164 r  io_inst/seg_inst/current_digit_reg/Q
                         net (fo=9, routed)           0.472     0.636    io_inst/seg_inst/current_digit_reg_0
    SLICE_X50Y17         LUT5 (Prop_lut5_I3_O)        0.045     0.681 r  io_inst/seg_inst/seg_data_OBUF[6]_inst_i_1/O
                         net (fo=1, routed)           0.646     1.327    seg_data_OBUF[6]
    U7                   OBUF (Prop_obuf_I_O)         1.232     2.560 r  seg_data_OBUF[6]_inst/O
                         net (fo=0)                   0.000     2.560    seg_data[6]
    U7                                                                r  seg_data[6] (OUT)
  -------------------------------------------------------------------    -------------------

Slack:                    inf
  Source:                 io_inst/seg_inst/current_digit_reg/C
                            (rising edge-triggered cell FDRE)
  Destination:            seg_data[0]
                            (output port)
  Path Group:             (none)
  Path Type:              Min at Fast Process Corner
  Data Path Delay:        2.651ns  (logic 1.421ns (53.590%)  route 1.230ns (46.410%))
  Logic Levels:           3  (FDRE=1 LUT5=1 OBUF=1)

    Location             Delay type                Incr(ns)  Path(ns)    Netlist Resource(s)
  -------------------------------------------------------------------    -------------------
    SLICE_X50Y28         FDRE                         0.000     0.000 r  io_inst/seg_inst/current_digit_reg/C
    SLICE_X50Y28         FDRE (Prop_fdre_C_Q)         0.164     0.164 r  io_inst/seg_inst/current_digit_reg/Q
                         net (fo=9, routed)           0.564     0.728    io_inst/seg_inst/current_digit_reg_0
    SLICE_X50Y17         LUT5 (Prop_lut5_I3_O)        0.045     0.773 r  io_inst/seg_inst/seg_data_OBUF[0]_inst_i_1/O
                         net (fo=1, routed)           0.666     1.439    seg_data_OBUF[0]
    W7                   OBUF (Prop_obuf_I_O)         1.212     2.651 r  seg_data_OBUF[0]_inst/O
                         net (fo=0)                   0.000     2.651    seg_data[0]
    W7                                                                r  seg_data[0] (OUT)
  -------------------------------------------------------------------    -------------------

Slack:                    inf
  Source:                 io_inst/seg_inst/current_digit_reg/C
                            (rising edge-triggered cell FDRE)
  Destination:            seg_data[3]
                            (output port)
  Path Group:             (none)
  Path Type:              Min at Fast Process Corner
  Data Path Delay:        2.687ns  (logic 1.445ns (53.789%)  route 1.242ns (46.211%))
  Logic Levels:           3  (FDRE=1 LUT5=1 OBUF=1)

    Location             Delay type                Incr(ns)  Path(ns)    Netlist Resource(s)
  -------------------------------------------------------------------    -------------------
    SLICE_X50Y28         FDRE                         0.000     0.000 r  io_inst/seg_inst/current_digit_reg/C
    SLICE_X50Y28         FDRE (Prop_fdre_C_Q)         0.164     0.164 r  io_inst/seg_inst/current_digit_reg/Q
                         net (fo=9, routed)           0.591     0.755    io_inst/seg_inst/current_digit_reg_0
    SLICE_X52Y18         LUT5 (Prop_lut5_I3_O)        0.045     0.800 r  io_inst/seg_inst/seg_data_OBUF[3]_inst_i_1/O
                         net (fo=1, routed)           0.651     1.451    seg_data_OBUF[3]
    V8                   OBUF (Prop_obuf_I_O)         1.236     2.687 r  seg_data_OBUF[3]_inst/O
                         net (fo=0)                   0.000     2.687    seg_data[3]
    V8                                                                r  seg_data[3] (OUT)
  -------------------------------------------------------------------    -------------------

Slack:                    inf
  Source:                 io_inst/seg_inst/current_digit_reg/C
                            (rising edge-triggered cell FDRE)
  Destination:            seg_data[1]
                            (output port)
  Path Group:             (none)
  Path Type:              Min at Fast Process Corner
  Data Path Delay:        2.698ns  (logic 1.439ns (53.346%)  route 1.259ns (46.654%))
  Logic Levels:           3  (FDRE=1 LUT5=1 OBUF=1)

    Location             Delay type                Incr(ns)  Path(ns)    Netlist Resource(s)
  -------------------------------------------------------------------    -------------------
    SLICE_X50Y28         FDRE                         0.000     0.000 r  io_inst/seg_inst/current_digit_reg/C
    SLICE_X50Y28         FDRE (Prop_fdre_C_Q)         0.164     0.164 r  io_inst/seg_inst/current_digit_reg/Q
                         net (fo=9, routed)           0.570     0.734    io_inst/seg_inst/current_digit_reg_0
    SLICE_X51Y17         LUT5 (Prop_lut5_I1_O)        0.045     0.779 r  io_inst/seg_inst/seg_data_OBUF[1]_inst_i_1/O
                         net (fo=1, routed)           0.688     1.468    seg_data_OBUF[1]
    W6                   OBUF (Prop_obuf_I_O)         1.230     2.698 r  seg_data_OBUF[1]_inst/O
                         net (fo=0)                   0.000     2.698    seg_data[1]
    W6                                                                r  seg_data[1] (OUT)
  -------------------------------------------------------------------    -------------------

Slack:                    inf
  Source:                 io_inst/seg_inst/current_digit_reg/C
                            (rising edge-triggered cell FDRE)
  Destination:            an[0]
                            (output port)
  Path Group:             (none)
  Path Type:              Min at Fast Process Corner
  Data Path Delay:        2.874ns  (logic 1.477ns (51.398%)  route 1.397ns (48.602%))
  Logic Levels:           3  (FDRE=1 LUT1=1 OBUF=1)

    Location             Delay type                Incr(ns)  Path(ns)    Netlist Resource(s)
  -------------------------------------------------------------------    -------------------
    SLICE_X50Y28         FDRE                         0.000     0.000 r  io_inst/seg_inst/current_digit_reg/C
    SLICE_X50Y28         FDRE (Prop_fdre_C_Q)         0.164     0.164 f  io_inst/seg_inst/current_digit_reg/Q
                         net (fo=9, routed)           0.508     0.672    io_inst/seg_inst/current_digit_reg_0
    SLICE_X51Y18         LUT1 (Prop_lut1_I0_O)        0.044     0.716 r  io_inst/seg_inst/an_OBUF[0]_inst_i_1/O
                         net (fo=2, routed)           0.889     1.605    an_OBUF[0]
    U2                   OBUF (Prop_obuf_I_O)         1.269     2.874 r  an_OBUF[0]_inst/O
                         net (fo=0)                   0.000     2.874    an[0]
    U2                                                                r  an[0] (OUT)
  -------------------------------------------------------------------    -------------------





--------------------------------------------------------------------------------------
Path Group:  (none)
From Clock:  clk_out1_clk_wiz_0
  To Clock:  

Max Delay            12 Endpoints
Min Delay            12 Endpoints
--------------------------------------------------------------------------------------


Max Delay Paths
--------------------------------------------------------------------------------------
Slack:                    inf
  Source:                 io_inst/display_reg_reg[1]/C
                            (rising edge-triggered cell FDRE clocked by clk_out1_clk_wiz_0  {rise@0.000ns fall@5.000ns period=10.000ns})
  Destination:            seg_data[4]
                            (output port)
  Path Group:             (none)
  Path Type:              Max at Slow Process Corner
  Data Path Delay:        10.144ns  (logic 4.578ns (45.127%)  route 5.567ns (54.873%))
  Logic Levels:           4  (LUT3=1 LUT6=2 OBUF=1)
  Clock Uncertainty:      0.169ns  ((TSJ^2 + DJ^2)^1/2) / 2 + PE
    Total System Jitter     (TSJ):    0.050ns
    Discrete Jitter          (DJ):    0.131ns
    Phase Error              (PE):    0.099ns

    Location             Delay type                Incr(ns)  Path(ns)    Netlist Resource(s)
  -------------------------------------------------------------------    -------------------
                         (clock clk_out1_clk_wiz_0 rise edge)
                                                      0.000     0.000 r  
    W5                                                0.000     0.000 r  sys_clk (IN)
                         net (fo=0)                   0.000     0.000    clk_wiz_inst/inst/clk_in1
    W5                   IBUF (Prop_ibuf_I_O)         1.458     1.458 r  clk_wiz_inst/inst/clkin1_ibufg/O
                         net (fo=1, routed)           1.233     2.691    clk_wiz_inst/inst/clk_in1_clk_wiz_0
    MMCME2_ADV_X1Y0      MMCME2_ADV (Prop_mmcme2_adv_CLKIN1_CLKOUT0)
                                                     -6.961    -4.269 r  clk_wiz_inst/inst/mmcm_adv_inst/CLKOUT0
                         net (fo=1, routed)           1.661    -2.608    clk_wiz_inst/inst/clk_out1_clk_wiz_0
    BUFGCTRL_X0Y0        BUFG (Prop_bufg_I_O)         0.096    -2.512 r  clk_wiz_inst/inst/clkout1_buf/O
                         net (fo=377, routed)         1.562    -0.950    io_inst/clk_out1
    SLICE_X49Y16         FDRE                                         r  io_inst/display_reg_reg[1]/C
  -------------------------------------------------------------------    -------------------
    SLICE_X49Y16         FDRE (Prop_fdre_C_Q)         0.456    -0.494 r  io_inst/display_reg_reg[1]/Q
                         net (fo=23, routed)          1.542     1.048    io_inst/Q[1]
    SLICE_X52Y17         LUT6 (Prop_lut6_I1_O)        0.124     1.172 r  io_inst/seg_data_OBUF[4]_inst_i_5/O
                         net (fo=2, routed)           0.799     1.971    io_inst/seg_data_OBUF[4]_inst_i_5_n_0
    SLICE_X51Y17         LUT3 (Prop_lut3_I0_O)        0.152     2.123 r  io_inst/seg_data_OBUF[4]_inst_i_2/O
                         net (fo=3, routed)           0.979     3.102    io_inst/seg_inst/seg_data[0]_0
    SLICE_X50Y18         LUT6 (Prop_lut6_I0_O)        0.326     3.428 r  io_inst/seg_inst/seg_data_OBUF[4]_inst_i_1/O
                         net (fo=1, routed)           2.247     5.675    seg_data_OBUF[4]
    U5                   OBUF (Prop_obuf_I_O)         3.520     9.195 r  seg_data_OBUF[4]_inst/O
                         net (fo=0)                   0.000     9.195    seg_data[4]
    U5                                                                r  seg_data[4] (OUT)
  -------------------------------------------------------------------    -------------------

Slack:                    inf
  Source:                 io_inst/display_reg_reg[1]/C
                            (rising edge-triggered cell FDRE clocked by clk_out1_clk_wiz_0  {rise@0.000ns fall@5.000ns period=10.000ns})
  Destination:            seg_data[0]
                            (output port)
  Path Group:             (none)
  Path Type:              Max at Slow Process Corner
  Data Path Delay:        9.932ns  (logic 4.569ns (45.999%)  route 5.364ns (54.001%))
  Logic Levels:           4  (LUT3=1 LUT5=1 LUT6=1 OBUF=1)
  Clock Uncertainty:      0.169ns  ((TSJ^2 + DJ^2)^1/2) / 2 + PE
    Total System Jitter     (TSJ):    0.050ns
    Discrete Jitter          (DJ):    0.131ns
    Phase Error              (PE):    0.099ns

    Location             Delay type                Incr(ns)  Path(ns)    Netlist Resource(s)
  -------------------------------------------------------------------    -------------------
                         (clock clk_out1_clk_wiz_0 rise edge)
                                                      0.000     0.000 r  
    W5                                                0.000     0.000 r  sys_clk (IN)
                         net (fo=0)                   0.000     0.000    clk_wiz_inst/inst/clk_in1
    W5                   IBUF (Prop_ibuf_I_O)         1.458     1.458 r  clk_wiz_inst/inst/clkin1_ibufg/O
                         net (fo=1, routed)           1.233     2.691    clk_wiz_inst/inst/clk_in1_clk_wiz_0
    MMCME2_ADV_X1Y0      MMCME2_ADV (Prop_mmcme2_adv_CLKIN1_CLKOUT0)
                                                     -6.961    -4.269 r  clk_wiz_inst/inst/mmcm_adv_inst/CLKOUT0
                         net (fo=1, routed)           1.661    -2.608    clk_wiz_inst/inst/clk_out1_clk_wiz_0
    BUFGCTRL_X0Y0        BUFG (Prop_bufg_I_O)         0.096    -2.512 r  clk_wiz_inst/inst/clkout1_buf/O
                         net (fo=377, routed)         1.562    -0.950    io_inst/clk_out1
    SLICE_X49Y16         FDRE                                         r  io_inst/display_reg_reg[1]/C
  -------------------------------------------------------------------    -------------------
    SLICE_X49Y16         FDRE (Prop_fdre_C_Q)         0.456    -0.494 r  io_inst/display_reg_reg[1]/Q
                         net (fo=23, routed)          1.542     1.048    io_inst/Q[1]
    SLICE_X52Y17         LUT6 (Prop_lut6_I1_O)        0.124     1.172 r  io_inst/seg_data_OBUF[4]_inst_i_5/O
                         net (fo=2, routed)           0.799     1.971    io_inst/seg_data_OBUF[4]_inst_i_5_n_0
    SLICE_X51Y17         LUT3 (Prop_lut3_I0_O)        0.152     2.123 r  io_inst/seg_data_OBUF[4]_inst_i_2/O
                         net (fo=3, routed)           0.674     2.798    io_inst/seg_inst/seg_data[0]_0
    SLICE_X50Y17         LUT5 (Prop_lut5_I2_O)        0.326     3.124 r  io_inst/seg_inst/seg_data_OBUF[0]_inst_i_1/O
                         net (fo=1, routed)           2.348     5.472    seg_data_OBUF[0]
    W7                   OBUF (Prop_obuf_I_O)         3.511     8.983 r  seg_data_OBUF[0]_inst/O
                         net (fo=0)                   0.000     8.983    seg_data[0]
    W7                                                                r  seg_data[0] (OUT)
  -------------------------------------------------------------------    -------------------

Slack:                    inf
  Source:                 io_inst/display_reg_reg[1]/C
                            (rising edge-triggered cell FDRE clocked by clk_out1_clk_wiz_0  {rise@0.000ns fall@5.000ns period=10.000ns})
  Destination:            seg_data[1]
                            (output port)
  Path Group:             (none)
  Path Type:              Max at Slow Process Corner
  Data Path Delay:        9.806ns  (logic 4.357ns (44.434%)  route 5.449ns (55.566%))
  Logic Levels:           4  (LUT5=2 LUT6=1 OBUF=1)
  Clock Uncertainty:      0.169ns  ((TSJ^2 + DJ^2)^1/2) / 2 + PE
    Total System Jitter     (TSJ):    0.050ns
    Discrete Jitter          (DJ):    0.131ns
    Phase Error              (PE):    0.099ns

    Location             Delay type                Incr(ns)  Path(ns)    Netlist Resource(s)
  -------------------------------------------------------------------    -------------------
                         (clock clk_out1_clk_wiz_0 rise edge)
                                                      0.000     0.000 r  
    W5                                                0.000     0.000 r  sys_clk (IN)
                         net (fo=0)                   0.000     0.000    clk_wiz_inst/inst/clk_in1
    W5                   IBUF (Prop_ibuf_I_O)         1.458     1.458 r  clk_wiz_inst/inst/clkin1_ibufg/O
                         net (fo=1, routed)           1.233     2.691    clk_wiz_inst/inst/clk_in1_clk_wiz_0
    MMCME2_ADV_X1Y0      MMCME2_ADV (Prop_mmcme2_adv_CLKIN1_CLKOUT0)
                                                     -6.961    -4.269 r  clk_wiz_inst/inst/mmcm_adv_inst/CLKOUT0
                         net (fo=1, routed)           1.661    -2.608    clk_wiz_inst/inst/clk_out1_clk_wiz_0
    BUFGCTRL_X0Y0        BUFG (Prop_bufg_I_O)         0.096    -2.512 r  clk_wiz_inst/inst/clkout1_buf/O
                         net (fo=377, routed)         1.562    -0.950    io_inst/clk_out1
    SLICE_X49Y16         FDRE                                         r  io_inst/display_reg_reg[1]/C
  -------------------------------------------------------------------    -------------------
    SLICE_X49Y16         FDRE (Prop_fdre_C_Q)         0.456    -0.494 r  io_inst/display_reg_reg[1]/Q
                         net (fo=23, routed)          1.542     1.048    io_inst/Q[1]
    SLICE_X52Y17         LUT6 (Prop_lut6_I1_O)        0.124     1.172 r  io_inst/seg_data_OBUF[4]_inst_i_5/O
                         net (fo=2, routed)           0.799     1.971    io_inst/seg_data_OBUF[4]_inst_i_5_n_0
    SLICE_X51Y17         LUT5 (Prop_lut5_I4_O)        0.124     2.095 r  io_inst/seg_data_OBUF[1]_inst_i_2/O
                         net (fo=1, routed)           0.670     2.766    io_inst/seg_inst/seg_data[1]
    SLICE_X51Y17         LUT5 (Prop_lut5_I0_O)        0.124     2.890 r  io_inst/seg_inst/seg_data_OBUF[1]_inst_i_1/O
                         net (fo=1, routed)           2.437     5.327    seg_data_OBUF[1]
    W6                   OBUF (Prop_obuf_I_O)         3.529     8.856 r  seg_data_OBUF[1]_inst/O
                         net (fo=0)                   0.000     8.856    seg_data[1]
    W6                                                                r  seg_data[1] (OUT)
  -------------------------------------------------------------------    -------------------

Slack:                    inf
  Source:                 io_inst/display_reg_reg[1]/C
                            (rising edge-triggered cell FDRE clocked by clk_out1_clk_wiz_0  {rise@0.000ns fall@5.000ns period=10.000ns})
  Destination:            seg_data[3]
                            (output port)
  Path Group:             (none)
  Path Type:              Max at Slow Process Corner
  Data Path Delay:        9.592ns  (logic 4.594ns (47.888%)  route 4.999ns (52.112%))
  Logic Levels:           4  (LUT3=1 LUT5=1 LUT6=1 OBUF=1)
  Clock Uncertainty:      0.169ns  ((TSJ^2 + DJ^2)^1/2) / 2 + PE
    Total System Jitter     (TSJ):    0.050ns
    Discrete Jitter          (DJ):    0.131ns
    Phase Error              (PE):    0.099ns

    Location             Delay type                Incr(ns)  Path(ns)    Netlist Resource(s)
  -------------------------------------------------------------------    -------------------
                         (clock clk_out1_clk_wiz_0 rise edge)
                                                      0.000     0.000 r  
    W5                                                0.000     0.000 r  sys_clk (IN)
                         net (fo=0)                   0.000     0.000    clk_wiz_inst/inst/clk_in1
    W5                   IBUF (Prop_ibuf_I_O)         1.458     1.458 r  clk_wiz_inst/inst/clkin1_ibufg/O
                         net (fo=1, routed)           1.233     2.691    clk_wiz_inst/inst/clk_in1_clk_wiz_0
    MMCME2_ADV_X1Y0      MMCME2_ADV (Prop_mmcme2_adv_CLKIN1_CLKOUT0)
                                                     -6.961    -4.269 r  clk_wiz_inst/inst/mmcm_adv_inst/CLKOUT0
                         net (fo=1, routed)           1.661    -2.608    clk_wiz_inst/inst/clk_out1_clk_wiz_0
    BUFGCTRL_X0Y0        BUFG (Prop_bufg_I_O)         0.096    -2.512 r  clk_wiz_inst/inst/clkout1_buf/O
                         net (fo=377, routed)         1.562    -0.950    io_inst/clk_out1
    SLICE_X49Y16         FDRE                                         r  io_inst/display_reg_reg[1]/C
  -------------------------------------------------------------------    -------------------
    SLICE_X49Y16         FDRE (Prop_fdre_C_Q)         0.456    -0.494 r  io_inst/display_reg_reg[1]/Q
                         net (fo=23, routed)          1.542     1.048    io_inst/Q[1]
    SLICE_X52Y17         LUT6 (Prop_lut6_I1_O)        0.124     1.172 r  io_inst/seg_data_OBUF[4]_inst_i_5/O
                         net (fo=2, routed)           0.799     1.971    io_inst/seg_data_OBUF[4]_inst_i_5_n_0
    SLICE_X51Y17         LUT3 (Prop_lut3_I0_O)        0.152     2.123 r  io_inst/seg_data_OBUF[4]_inst_i_2/O
                         net (fo=3, routed)           0.349     2.472    io_inst/seg_inst/seg_data[0]_0
    SLICE_X52Y18         LUT5 (Prop_lut5_I2_O)        0.326     2.798 r  io_inst/seg_inst/seg_data_OBUF[3]_inst_i_1/O
                         net (fo=1, routed)           2.309     5.107    seg_data_OBUF[3]
    V8                   OBUF (Prop_obuf_I_O)         3.536     8.643 r  seg_data_OBUF[3]_inst/O
                         net (fo=0)                   0.000     8.643    seg_data[3]
    V8                                                                r  seg_data[3] (OUT)
  -------------------------------------------------------------------    -------------------

Slack:                    inf
  Source:                 io_inst/display_reg_reg[2]/C
                            (rising edge-triggered cell FDRE clocked by clk_out1_clk_wiz_0  {rise@0.000ns fall@5.000ns period=10.000ns})
  Destination:            seg_data[2]
                            (output port)
  Path Group:             (none)
  Path Type:              Max at Slow Process Corner
  Data Path Delay:        9.265ns  (logic 4.363ns (47.092%)  route 4.902ns (52.908%))
  Logic Levels:           4  (LUT3=1 LUT6=2 OBUF=1)
  Clock Uncertainty:      0.169ns  ((TSJ^2 + DJ^2)^1/2) / 2 + PE
    Total System Jitter     (TSJ):    0.050ns
    Discrete Jitter          (DJ):    0.131ns
    Phase Error              (PE):    0.099ns

    Location             Delay type                Incr(ns)  Path(ns)    Netlist Resource(s)
  -------------------------------------------------------------------    -------------------
                         (clock clk_out1_clk_wiz_0 rise edge)
                                                      0.000     0.000 r  
    W5                                                0.000     0.000 r  sys_clk (IN)
                         net (fo=0)                   0.000     0.000    clk_wiz_inst/inst/clk_in1
    W5                   IBUF (Prop_ibuf_I_O)         1.458     1.458 r  clk_wiz_inst/inst/clkin1_ibufg/O
                         net (fo=1, routed)           1.233     2.691    clk_wiz_inst/inst/clk_in1_clk_wiz_0
    MMCME2_ADV_X1Y0      MMCME2_ADV (Prop_mmcme2_adv_CLKIN1_CLKOUT0)
                                                     -6.961    -4.269 r  clk_wiz_inst/inst/mmcm_adv_inst/CLKOUT0
                         net (fo=1, routed)           1.661    -2.608    clk_wiz_inst/inst/clk_out1_clk_wiz_0
    BUFGCTRL_X0Y0        BUFG (Prop_bufg_I_O)         0.096    -2.512 r  clk_wiz_inst/inst/clkout1_buf/O
                         net (fo=377, routed)         1.562    -0.950    io_inst/clk_out1
    SLICE_X49Y16         FDRE                                         r  io_inst/display_reg_reg[2]/C
  -------------------------------------------------------------------    -------------------
    SLICE_X49Y16         FDRE (Prop_fdre_C_Q)         0.456    -0.494 r  io_inst/display_reg_reg[2]/Q
                         net (fo=23, routed)          1.590     1.097    io_inst/Q[2]
    SLICE_X50Y16         LUT6 (Prop_lut6_I4_O)        0.124     1.221 r  io_inst/seg_data_OBUF[6]_inst_i_7/O
                         net (fo=2, routed)           0.282     1.503    io_inst/seg_data_OBUF[6]_inst_i_7_n_0
    SLICE_X50Y16         LUT3 (Prop_lut3_I2_O)        0.124     1.627 r  io_inst/seg_data_OBUF[5]_inst_i_3/O
                         net (fo=2, routed)           0.857     2.483    io_inst/seg_inst/seg_data[5]_0
    SLICE_X52Y18         LUT6 (Prop_lut6_I0_O)        0.124     2.607 r  io_inst/seg_inst/seg_data_OBUF[2]_inst_i_1/O
                         net (fo=1, routed)           2.173     4.780    seg_data_OBUF[2]
    U8                   OBUF (Prop_obuf_I_O)         3.535     8.316 r  seg_data_OBUF[2]_inst/O
                         net (fo=0)                   0.000     8.316    seg_data[2]
    U8                                                                r  seg_data[2] (OUT)
  -------------------------------------------------------------------    -------------------

Slack:                    inf
  Source:                 io_inst/display_reg_reg[2]/C
                            (rising edge-triggered cell FDRE clocked by clk_out1_clk_wiz_0  {rise@0.000ns fall@5.000ns period=10.000ns})
  Destination:            seg_data[6]
                            (output port)
  Path Group:             (none)
  Path Type:              Max at Slow Process Corner
  Data Path Delay:        9.263ns  (logic 4.559ns (49.221%)  route 4.704ns (50.779%))
  Logic Levels:           4  (LUT3=1 LUT5=1 LUT6=1 OBUF=1)
  Clock Uncertainty:      0.169ns  ((TSJ^2 + DJ^2)^1/2) / 2 + PE
    Total System Jitter     (TSJ):    0.050ns
    Discrete Jitter          (DJ):    0.131ns
    Phase Error              (PE):    0.099ns

    Location             Delay type                Incr(ns)  Path(ns)    Netlist Resource(s)
  -------------------------------------------------------------------    -------------------
                         (clock clk_out1_clk_wiz_0 rise edge)
                                                      0.000     0.000 r  
    W5                                                0.000     0.000 r  sys_clk (IN)
                         net (fo=0)                   0.000     0.000    clk_wiz_inst/inst/clk_in1
    W5                   IBUF (Prop_ibuf_I_O)         1.458     1.458 r  clk_wiz_inst/inst/clkin1_ibufg/O
                         net (fo=1, routed)           1.233     2.691    clk_wiz_inst/inst/clk_in1_clk_wiz_0
    MMCME2_ADV_X1Y0      MMCME2_ADV (Prop_mmcme2_adv_CLKIN1_CLKOUT0)
                                                     -6.961    -4.269 r  clk_wiz_inst/inst/mmcm_adv_inst/CLKOUT0
                         net (fo=1, routed)           1.661    -2.608    clk_wiz_inst/inst/clk_out1_clk_wiz_0
    BUFGCTRL_X0Y0        BUFG (Prop_bufg_I_O)         0.096    -2.512 r  clk_wiz_inst/inst/clkout1_buf/O
                         net (fo=377, routed)         1.562    -0.950    io_inst/clk_out1
    SLICE_X49Y16         FDRE                                         r  io_inst/display_reg_reg[2]/C
  -------------------------------------------------------------------    -------------------
    SLICE_X49Y16         FDRE (Prop_fdre_C_Q)         0.456    -0.494 r  io_inst/display_reg_reg[2]/Q
                         net (fo=23, routed)          1.590     1.097    io_inst/Q[2]
    SLICE_X50Y16         LUT6 (Prop_lut6_I4_O)        0.124     1.221 r  io_inst/seg_data_OBUF[6]_inst_i_7/O
                         net (fo=2, routed)           0.282     1.503    io_inst/seg_data_OBUF[6]_inst_i_7_n_0
    SLICE_X50Y16         LUT3 (Prop_lut3_I0_O)        0.117     1.620 r  io_inst/seg_data_OBUF[6]_inst_i_3/O
                         net (fo=2, routed)           0.466     2.085    io_inst/seg_inst/seg_data[0]
    SLICE_X50Y17         LUT5 (Prop_lut5_I2_O)        0.331     2.416 r  io_inst/seg_inst/seg_data_OBUF[6]_inst_i_1/O
                         net (fo=1, routed)           2.366     4.782    seg_data_OBUF[6]
    U7                   OBUF (Prop_obuf_I_O)         3.531     8.314 r  seg_data_OBUF[6]_inst/O
                         net (fo=0)                   0.000     8.314    seg_data[6]
    U7                                                                r  seg_data[6] (OUT)
  -------------------------------------------------------------------    -------------------

Slack:                    inf
  Source:                 io_inst/display_reg_reg[2]/C
                            (rising edge-triggered cell FDRE clocked by clk_out1_clk_wiz_0  {rise@0.000ns fall@5.000ns period=10.000ns})
  Destination:            seg_data[5]
                            (output port)
  Path Group:             (none)
  Path Type:              Max at Slow Process Corner
  Data Path Delay:        9.167ns  (logic 4.332ns (47.259%)  route 4.835ns (52.741%))
  Logic Levels:           4  (LUT3=1 LUT5=1 LUT6=1 OBUF=1)
  Clock Uncertainty:      0.169ns  ((TSJ^2 + DJ^2)^1/2) / 2 + PE
    Total System Jitter     (TSJ):    0.050ns
    Discrete Jitter          (DJ):    0.131ns
    Phase Error              (PE):    0.099ns

    Location             Delay type                Incr(ns)  Path(ns)    Netlist Resource(s)
  -------------------------------------------------------------------    -------------------
                         (clock clk_out1_clk_wiz_0 rise edge)
                                                      0.000     0.000 r  
    W5                                                0.000     0.000 r  sys_clk (IN)
                         net (fo=0)                   0.000     0.000    clk_wiz_inst/inst/clk_in1
    W5                   IBUF (Prop_ibuf_I_O)         1.458     1.458 r  clk_wiz_inst/inst/clkin1_ibufg/O
                         net (fo=1, routed)           1.233     2.691    clk_wiz_inst/inst/clk_in1_clk_wiz_0
    MMCME2_ADV_X1Y0      MMCME2_ADV (Prop_mmcme2_adv_CLKIN1_CLKOUT0)
                                                     -6.961    -4.269 r  clk_wiz_inst/inst/mmcm_adv_inst/CLKOUT0
                         net (fo=1, routed)           1.661    -2.608    clk_wiz_inst/inst/clk_out1_clk_wiz_0
    BUFGCTRL_X0Y0        BUFG (Prop_bufg_I_O)         0.096    -2.512 r  clk_wiz_inst/inst/clkout1_buf/O
                         net (fo=377, routed)         1.562    -0.950    io_inst/clk_out1
    SLICE_X49Y16         FDRE                                         r  io_inst/display_reg_reg[2]/C
  -------------------------------------------------------------------    -------------------
    SLICE_X49Y16         FDRE (Prop_fdre_C_Q)         0.456    -0.494 r  io_inst/display_reg_reg[2]/Q
                         net (fo=23, routed)          1.590     1.097    io_inst/Q[2]
    SLICE_X50Y16         LUT6 (Prop_lut6_I4_O)        0.124     1.221 r  io_inst/seg_data_OBUF[6]_inst_i_7/O
                         net (fo=2, routed)           0.282     1.503    io_inst/seg_data_OBUF[6]_inst_i_7_n_0
    SLICE_X50Y16         LUT3 (Prop_lut3_I2_O)        0.124     1.627 r  io_inst/seg_data_OBUF[5]_inst_i_3/O
                         net (fo=2, routed)           0.707     2.333    io_inst/seg_inst/seg_data[5]_0
    SLICE_X51Y18         LUT5 (Prop_lut5_I2_O)        0.124     2.457 r  io_inst/seg_inst/seg_data_OBUF[5]_inst_i_1/O
                         net (fo=1, routed)           2.256     4.713    seg_data_OBUF[5]
    V5                   OBUF (Prop_obuf_I_O)         3.504     8.218 r  seg_data_OBUF[5]_inst/O
                         net (fo=0)                   0.000     8.218    seg_data[5]
    V5                                                                r  seg_data[5] (OUT)
  -------------------------------------------------------------------    -------------------

Slack:                    inf
  Source:                 io_inst/display_reg_reg[1]_lopt_replica/C
                            (rising edge-triggered cell FDRE clocked by clk_out1_clk_wiz_0  {rise@0.000ns fall@5.000ns period=10.000ns})
  Destination:            led[1]
                            (output port)
  Path Group:             (none)
  Path Type:              Max at Slow Process Corner
  Data Path Delay:        7.399ns  (logic 3.986ns (53.871%)  route 3.413ns (46.129%))
  Logic Levels:           1  (OBUF=1)
  Clock Uncertainty:      0.169ns  ((TSJ^2 + DJ^2)^1/2) / 2 + PE
    Total System Jitter     (TSJ):    0.050ns
    Discrete Jitter          (DJ):    0.131ns
    Phase Error              (PE):    0.099ns

    Location             Delay type                Incr(ns)  Path(ns)    Netlist Resource(s)
  -------------------------------------------------------------------    -------------------
                         (clock clk_out1_clk_wiz_0 rise edge)
                                                      0.000     0.000 r  
    W5                                                0.000     0.000 r  sys_clk (IN)
                         net (fo=0)                   0.000     0.000    clk_wiz_inst/inst/clk_in1
    W5                   IBUF (Prop_ibuf_I_O)         1.458     1.458 r  clk_wiz_inst/inst/clkin1_ibufg/O
                         net (fo=1, routed)           1.233     2.691    clk_wiz_inst/inst/clk_in1_clk_wiz_0
    MMCME2_ADV_X1Y0      MMCME2_ADV (Prop_mmcme2_adv_CLKIN1_CLKOUT0)
                                                     -6.961    -4.269 r  clk_wiz_inst/inst/mmcm_adv_inst/CLKOUT0
                         net (fo=1, routed)           1.661    -2.608    clk_wiz_inst/inst/clk_out1_clk_wiz_0
    BUFGCTRL_X0Y0        BUFG (Prop_bufg_I_O)         0.096    -2.512 r  clk_wiz_inst/inst/clkout1_buf/O
                         net (fo=377, routed)         1.557    -0.955    io_inst/clk_out1
    SLICE_X36Y16         FDRE                                         r  io_inst/display_reg_reg[1]_lopt_replica/C
  -------------------------------------------------------------------    -------------------
    SLICE_X36Y16         FDRE (Prop_fdre_C_Q)         0.456    -0.499 r  io_inst/display_reg_reg[1]_lopt_replica/Q
                         net (fo=1, routed)           3.413     2.914    lopt_1
    E19                  OBUF (Prop_obuf_I_O)         3.530     6.444 r  led_OBUF[1]_inst/O
                         net (fo=0)                   0.000     6.444    led[1]
    E19                                                               r  led[1] (OUT)
  -------------------------------------------------------------------    -------------------

Slack:                    inf
  Source:                 io_inst/display_reg_reg[0]_lopt_replica/C
                            (rising edge-triggered cell FDRE clocked by clk_out1_clk_wiz_0  {rise@0.000ns fall@5.000ns period=10.000ns})
  Destination:            led[0]
                            (output port)
  Path Group:             (none)
  Path Type:              Max at Slow Process Corner
  Data Path Delay:        6.762ns  (logic 3.961ns (58.571%)  route 2.802ns (41.429%))
  Logic Levels:           1  (OBUF=1)
  Clock Uncertainty:      0.169ns  ((TSJ^2 + DJ^2)^1/2) / 2 + PE
    Total System Jitter     (TSJ):    0.050ns
    Discrete Jitter          (DJ):    0.131ns
    Phase Error              (PE):    0.099ns

    Location             Delay type                Incr(ns)  Path(ns)    Netlist Resource(s)
  -------------------------------------------------------------------    -------------------
                         (clock clk_out1_clk_wiz_0 rise edge)
                                                      0.000     0.000 r  
    W5                                                0.000     0.000 r  sys_clk (IN)
                         net (fo=0)                   0.000     0.000    clk_wiz_inst/inst/clk_in1
    W5                   IBUF (Prop_ibuf_I_O)         1.458     1.458 r  clk_wiz_inst/inst/clkin1_ibufg/O
                         net (fo=1, routed)           1.233     2.691    clk_wiz_inst/inst/clk_in1_clk_wiz_0
    MMCME2_ADV_X1Y0      MMCME2_ADV (Prop_mmcme2_adv_CLKIN1_CLKOUT0)
                                                     -6.961    -4.269 r  clk_wiz_inst/inst/mmcm_adv_inst/CLKOUT0
                         net (fo=1, routed)           1.661    -2.608    clk_wiz_inst/inst/clk_out1_clk_wiz_0
    BUFGCTRL_X0Y0        BUFG (Prop_bufg_I_O)         0.096    -2.512 r  clk_wiz_inst/inst/clkout1_buf/O
                         net (fo=377, routed)         1.561    -0.951    io_inst/clk_out1
    SLICE_X36Y12         FDRE                                         r  io_inst/display_reg_reg[0]_lopt_replica/C
  -------------------------------------------------------------------    -------------------
    SLICE_X36Y12         FDRE (Prop_fdre_C_Q)         0.456    -0.495 r  io_inst/display_reg_reg[0]_lopt_replica/Q
                         net (fo=1, routed)           2.802     2.307    lopt
    U16                  OBUF (Prop_obuf_I_O)         3.505     5.812 r  led_OBUF[0]_inst/O
                         net (fo=0)                   0.000     5.812    led[0]
    U16                                                               r  led[0] (OUT)
  -------------------------------------------------------------------    -------------------

Slack:                    inf
  Source:                 io_inst/display_reg_reg[3]_lopt_replica/C
                            (rising edge-triggered cell FDRE clocked by clk_out1_clk_wiz_0  {rise@0.000ns fall@5.000ns period=10.000ns})
  Destination:            led[3]
                            (output port)
  Path Group:             (none)
  Path Type:              Max at Slow Process Corner
  Data Path Delay:        6.721ns  (logic 3.965ns (58.993%)  route 2.756ns (41.007%))
  Logic Levels:           1  (OBUF=1)
  Clock Uncertainty:      0.169ns  ((TSJ^2 + DJ^2)^1/2) / 2 + PE
    Total System Jitter     (TSJ):    0.050ns
    Discrete Jitter          (DJ):    0.131ns
    Phase Error              (PE):    0.099ns

    Location             Delay type                Incr(ns)  Path(ns)    Netlist Resource(s)
  -------------------------------------------------------------------    -------------------
                         (clock clk_out1_clk_wiz_0 rise edge)
                                                      0.000     0.000 r  
    W5                                                0.000     0.000 r  sys_clk (IN)
                         net (fo=0)                   0.000     0.000    clk_wiz_inst/inst/clk_in1
    W5                   IBUF (Prop_ibuf_I_O)         1.458     1.458 r  clk_wiz_inst/inst/clkin1_ibufg/O
                         net (fo=1, routed)           1.233     2.691    clk_wiz_inst/inst/clk_in1_clk_wiz_0
    MMCME2_ADV_X1Y0      MMCME2_ADV (Prop_mmcme2_adv_CLKIN1_CLKOUT0)
                                                     -6.961    -4.269 r  clk_wiz_inst/inst/mmcm_adv_inst/CLKOUT0
                         net (fo=1, routed)           1.661    -2.608    clk_wiz_inst/inst/clk_out1_clk_wiz_0
    BUFGCTRL_X0Y0        BUFG (Prop_bufg_I_O)         0.096    -2.512 r  clk_wiz_inst/inst/clkout1_buf/O
                         net (fo=377, routed)         1.557    -0.955    io_inst/clk_out1
    SLICE_X36Y16         FDRE                                         r  io_inst/display_reg_reg[3]_lopt_replica/C
  -------------------------------------------------------------------    -------------------
    SLICE_X36Y16         FDRE (Prop_fdre_C_Q)         0.456    -0.499 r  io_inst/display_reg_reg[3]_lopt_replica/Q
                         net (fo=1, routed)           2.756     2.258    lopt_3
    V19                  OBUF (Prop_obuf_I_O)         3.509     5.767 r  led_OBUF[3]_inst/O
                         net (fo=0)                   0.000     5.767    led[3]
    V19                                                               r  led[3] (OUT)
  -------------------------------------------------------------------    -------------------





Min Delay Paths
--------------------------------------------------------------------------------------
Slack:                    inf
  Source:                 io_inst/display_reg_reg[2]_lopt_replica/C
                            (rising edge-triggered cell FDRE clocked by clk_out1_clk_wiz_0  {rise@0.000ns fall@5.000ns period=10.000ns})
  Destination:            led[2]
                            (output port)
  Path Group:             (none)
  Path Type:              Min at Fast Process Corner
  Data Path Delay:        2.186ns  (logic 1.343ns (61.436%)  route 0.843ns (38.564%))
  Logic Levels:           1  (OBUF=1)
  Clock Uncertainty:      0.169ns  ((TSJ^2 + DJ^2)^1/2) / 2 + PE
    Total System Jitter     (TSJ):    0.050ns
    Discrete Jitter          (DJ):    0.131ns
    Phase Error              (PE):    0.099ns

    Location             Delay type                Incr(ns)  Path(ns)    Netlist Resource(s)
  -------------------------------------------------------------------    -------------------
                         (clock clk_out1_clk_wiz_0 rise edge)
                                                      0.000     0.000 r  
    W5                                                0.000     0.000 r  sys_clk (IN)
                         net (fo=0)                   0.000     0.000    clk_wiz_inst/inst/clk_in1
    W5                   IBUF (Prop_ibuf_I_O)         0.226     0.226 r  clk_wiz_inst/inst/clkin1_ibufg/O
                         net (fo=1, routed)           0.440     0.667    clk_wiz_inst/inst/clk_in1_clk_wiz_0
    MMCME2_ADV_X1Y0      MMCME2_ADV (Prop_mmcme2_adv_CLKIN1_CLKOUT0)
                                                     -2.360    -1.693 r  clk_wiz_inst/inst/mmcm_adv_inst/CLKOUT0
                         net (fo=1, routed)           0.486    -1.207    clk_wiz_inst/inst/clk_out1_clk_wiz_0
    BUFGCTRL_X0Y0        BUFG (Prop_bufg_I_O)         0.026    -1.181 r  clk_wiz_inst/inst/clkout1_buf/O
                         net (fo=377, routed)         0.558    -0.623    io_inst/clk_out1
    SLICE_X36Y16         FDRE                                         r  io_inst/display_reg_reg[2]_lopt_replica/C
  -------------------------------------------------------------------    -------------------
    SLICE_X36Y16         FDRE (Prop_fdre_C_Q)         0.141    -0.482 r  io_inst/display_reg_reg[2]_lopt_replica/Q
                         net (fo=1, routed)           0.843     0.361    lopt_2
    U19                  OBUF (Prop_obuf_I_O)         1.202     1.563 r  led_OBUF[2]_inst/O
                         net (fo=0)                   0.000     1.563    led[2]
    U19                                                               r  led[2] (OUT)
  -------------------------------------------------------------------    -------------------

Slack:                    inf
  Source:                 io_inst/display_reg_reg[4]_lopt_replica/C
                            (rising edge-triggered cell FDRE clocked by clk_out1_clk_wiz_0  {rise@0.000ns fall@5.000ns period=10.000ns})
  Destination:            led[4]
                            (output port)
  Path Group:             (none)
  Path Type:              Min at Fast Process Corner
  Data Path Delay:        2.203ns  (logic 1.351ns (61.306%)  route 0.853ns (38.694%))
  Logic Levels:           1  (OBUF=1)
  Clock Uncertainty:      0.169ns  ((TSJ^2 + DJ^2)^1/2) / 2 + PE
    Total System Jitter     (TSJ):    0.050ns
    Discrete Jitter          (DJ):    0.131ns
    Phase Error              (PE):    0.099ns

    Location             Delay type                Incr(ns)  Path(ns)    Netlist Resource(s)
  -------------------------------------------------------------------    -------------------
                         (clock clk_out1_clk_wiz_0 rise edge)
                                                      0.000     0.000 r  
    W5                                                0.000     0.000 r  sys_clk (IN)
                         net (fo=0)                   0.000     0.000    clk_wiz_inst/inst/clk_in1
    W5                   IBUF (Prop_ibuf_I_O)         0.226     0.226 r  clk_wiz_inst/inst/clkin1_ibufg/O
                         net (fo=1, routed)           0.440     0.667    clk_wiz_inst/inst/clk_in1_clk_wiz_0
    MMCME2_ADV_X1Y0      MMCME2_ADV (Prop_mmcme2_adv_CLKIN1_CLKOUT0)
                                                     -2.360    -1.693 r  clk_wiz_inst/inst/mmcm_adv_inst/CLKOUT0
                         net (fo=1, routed)           0.486    -1.207    clk_wiz_inst/inst/clk_out1_clk_wiz_0
    BUFGCTRL_X0Y0        BUFG (Prop_bufg_I_O)         0.026    -1.181 r  clk_wiz_inst/inst/clkout1_buf/O
                         net (fo=377, routed)         0.558    -0.623    io_inst/clk_out1
    SLICE_X36Y16         FDRE                                         r  io_inst/display_reg_reg[4]_lopt_replica/C
  -------------------------------------------------------------------    -------------------
    SLICE_X36Y16         FDRE (Prop_fdre_C_Q)         0.141    -0.482 r  io_inst/display_reg_reg[4]_lopt_replica/Q
                         net (fo=1, routed)           0.853     0.370    lopt_4
    W18                  OBUF (Prop_obuf_I_O)         1.210     1.580 r  led_OBUF[4]_inst/O
                         net (fo=0)                   0.000     1.580    led[4]
    W18                                                               r  led[4] (OUT)
  -------------------------------------------------------------------    -------------------

Slack:                    inf
  Source:                 io_inst/display_reg_reg[3]_lopt_replica/C
                            (rising edge-triggered cell FDRE clocked by clk_out1_clk_wiz_0  {rise@0.000ns fall@5.000ns period=10.000ns})
  Destination:            led[3]
                            (output port)
  Path Group:             (none)
  Path Type:              Min at Fast Process Corner
  Data Path Delay:        2.234ns  (logic 1.351ns (60.473%)  route 0.883ns (39.527%))
  Logic Levels:           1  (OBUF=1)
  Clock Uncertainty:      0.169ns  ((TSJ^2 + DJ^2)^1/2) / 2 + PE
    Total System Jitter     (TSJ):    0.050ns
    Discrete Jitter          (DJ):    0.131ns
    Phase Error              (PE):    0.099ns

    Location             Delay type                Incr(ns)  Path(ns)    Netlist Resource(s)
  -------------------------------------------------------------------    -------------------
                         (clock clk_out1_clk_wiz_0 rise edge)
                                                      0.000     0.000 r  
    W5                                                0.000     0.000 r  sys_clk (IN)
                         net (fo=0)                   0.000     0.000    clk_wiz_inst/inst/clk_in1
    W5                   IBUF (Prop_ibuf_I_O)         0.226     0.226 r  clk_wiz_inst/inst/clkin1_ibufg/O
                         net (fo=1, routed)           0.440     0.667    clk_wiz_inst/inst/clk_in1_clk_wiz_0
    MMCME2_ADV_X1Y0      MMCME2_ADV (Prop_mmcme2_adv_CLKIN1_CLKOUT0)
                                                     -2.360    -1.693 r  clk_wiz_inst/inst/mmcm_adv_inst/CLKOUT0
                         net (fo=1, routed)           0.486    -1.207    clk_wiz_inst/inst/clk_out1_clk_wiz_0
    BUFGCTRL_X0Y0        BUFG (Prop_bufg_I_O)         0.026    -1.181 r  clk_wiz_inst/inst/clkout1_buf/O
                         net (fo=377, routed)         0.558    -0.623    io_inst/clk_out1
    SLICE_X36Y16         FDRE                                         r  io_inst/display_reg_reg[3]_lopt_replica/C
  -------------------------------------------------------------------    -------------------
    SLICE_X36Y16         FDRE (Prop_fdre_C_Q)         0.141    -0.482 r  io_inst/display_reg_reg[3]_lopt_replica/Q
                         net (fo=1, routed)           0.883     0.401    lopt_3
    V19                  OBUF (Prop_obuf_I_O)         1.210     1.611 r  led_OBUF[3]_inst/O
                         net (fo=0)                   0.000     1.611    led[3]
    V19                                                               r  led[3] (OUT)
  -------------------------------------------------------------------    -------------------

Slack:                    inf
  Source:                 io_inst/display_reg_reg[0]_lopt_replica/C
                            (rising edge-triggered cell FDRE clocked by clk_out1_clk_wiz_0  {rise@0.000ns fall@5.000ns period=10.000ns})
  Destination:            led[0]
                            (output port)
  Path Group:             (none)
  Path Type:              Min at Fast Process Corner
  Data Path Delay:        2.252ns  (logic 1.347ns (59.796%)  route 0.906ns (40.204%))
  Logic Levels:           1  (OBUF=1)
  Clock Uncertainty:      0.169ns  ((TSJ^2 + DJ^2)^1/2) / 2 + PE
    Total System Jitter     (TSJ):    0.050ns
    Discrete Jitter          (DJ):    0.131ns
    Phase Error              (PE):    0.099ns

    Location             Delay type                Incr(ns)  Path(ns)    Netlist Resource(s)
  -------------------------------------------------------------------    -------------------
                         (clock clk_out1_clk_wiz_0 rise edge)
                                                      0.000     0.000 r  
    W5                                                0.000     0.000 r  sys_clk (IN)
                         net (fo=0)                   0.000     0.000    clk_wiz_inst/inst/clk_in1
    W5                   IBUF (Prop_ibuf_I_O)         0.226     0.226 r  clk_wiz_inst/inst/clkin1_ibufg/O
                         net (fo=1, routed)           0.440     0.667    clk_wiz_inst/inst/clk_in1_clk_wiz_0
    MMCME2_ADV_X1Y0      MMCME2_ADV (Prop_mmcme2_adv_CLKIN1_CLKOUT0)
                                                     -2.360    -1.693 r  clk_wiz_inst/inst/mmcm_adv_inst/CLKOUT0
                         net (fo=1, routed)           0.486    -1.207    clk_wiz_inst/inst/clk_out1_clk_wiz_0
    BUFGCTRL_X0Y0        BUFG (Prop_bufg_I_O)         0.026    -1.181 r  clk_wiz_inst/inst/clkout1_buf/O
                         net (fo=377, routed)         0.560    -0.621    io_inst/clk_out1
    SLICE_X36Y12         FDRE                                         r  io_inst/display_reg_reg[0]_lopt_replica/C
  -------------------------------------------------------------------    -------------------
    SLICE_X36Y12         FDRE (Prop_fdre_C_Q)         0.141    -0.480 r  io_inst/display_reg_reg[0]_lopt_replica/Q
                         net (fo=1, routed)           0.906     0.425    lopt
    U16                  OBUF (Prop_obuf_I_O)         1.206     1.631 r  led_OBUF[0]_inst/O
                         net (fo=0)                   0.000     1.631    led[0]
    U16                                                               r  led[0] (OUT)
  -------------------------------------------------------------------    -------------------

Slack:                    inf
  Source:                 io_inst/display_reg_reg[0]/C
                            (rising edge-triggered cell FDRE clocked by clk_out1_clk_wiz_0  {rise@0.000ns fall@5.000ns period=10.000ns})
  Destination:            seg_data[4]
                            (output port)
  Path Group:             (none)
  Path Type:              Min at Fast Process Corner
  Data Path Delay:        2.338ns  (logic 1.407ns (60.184%)  route 0.931ns (39.816%))
  Logic Levels:           2  (LUT6=1 OBUF=1)
  Clock Uncertainty:      0.169ns  ((TSJ^2 + DJ^2)^1/2) / 2 + PE
    Total System Jitter     (TSJ):    0.050ns
    Discrete Jitter          (DJ):    0.131ns
    Phase Error              (PE):    0.099ns

    Location             Delay type                Incr(ns)  Path(ns)    Netlist Resource(s)
  -------------------------------------------------------------------    -------------------
                         (clock clk_out1_clk_wiz_0 rise edge)
                                                      0.000     0.000 r  
    W5                                                0.000     0.000 r  sys_clk (IN)
                         net (fo=0)                   0.000     0.000    clk_wiz_inst/inst/clk_in1
    W5                   IBUF (Prop_ibuf_I_O)         0.226     0.226 r  clk_wiz_inst/inst/clkin1_ibufg/O
                         net (fo=1, routed)           0.440     0.667    clk_wiz_inst/inst/clk_in1_clk_wiz_0
    MMCME2_ADV_X1Y0      MMCME2_ADV (Prop_mmcme2_adv_CLKIN1_CLKOUT0)
                                                     -2.360    -1.693 r  clk_wiz_inst/inst/mmcm_adv_inst/CLKOUT0
                         net (fo=1, routed)           0.486    -1.207    clk_wiz_inst/inst/clk_out1_clk_wiz_0
    BUFGCTRL_X0Y0        BUFG (Prop_bufg_I_O)         0.026    -1.181 r  clk_wiz_inst/inst/clkout1_buf/O
                         net (fo=377, routed)         0.561    -0.620    io_inst/clk_out1
    SLICE_X49Y16         FDRE                                         r  io_inst/display_reg_reg[0]/C
  -------------------------------------------------------------------    -------------------
    SLICE_X49Y16         FDRE (Prop_fdre_C_Q)         0.141    -0.479 r  io_inst/display_reg_reg[0]/Q
                         net (fo=7, routed)           0.317    -0.163    io_inst/seg_inst/Q[0]
    SLICE_X50Y18         LUT6 (Prop_lut6_I1_O)        0.045    -0.118 r  io_inst/seg_inst/seg_data_OBUF[4]_inst_i_1/O
                         net (fo=1, routed)           0.614     0.496    seg_data_OBUF[4]
    U5                   OBUF (Prop_obuf_I_O)         1.221     1.717 r  seg_data_OBUF[4]_inst/O
                         net (fo=0)                   0.000     1.717    seg_data[4]
    U5                                                                r  seg_data[4] (OUT)
  -------------------------------------------------------------------    -------------------

Slack:                    inf
  Source:                 io_inst/display_reg_reg[2]/C
                            (rising edge-triggered cell FDRE clocked by clk_out1_clk_wiz_0  {rise@0.000ns fall@5.000ns period=10.000ns})
  Destination:            seg_data[1]
                            (output port)
  Path Group:             (none)
  Path Type:              Min at Fast Process Corner
  Data Path Delay:        2.378ns  (logic 1.461ns (61.437%)  route 0.917ns (38.563%))
  Logic Levels:           3  (LUT5=1 LUT6=1 OBUF=1)
  Clock Uncertainty:      0.169ns  ((TSJ^2 + DJ^2)^1/2) / 2 + PE
    Total System Jitter     (TSJ):    0.050ns
    Discrete Jitter          (DJ):    0.131ns
    Phase Error              (PE):    0.099ns

    Location             Delay type                Incr(ns)  Path(ns)    Netlist Resource(s)
  -------------------------------------------------------------------    -------------------
                         (clock clk_out1_clk_wiz_0 rise edge)
                                                      0.000     0.000 r  
    W5                                                0.000     0.000 r  sys_clk (IN)
                         net (fo=0)                   0.000     0.000    clk_wiz_inst/inst/clk_in1
    W5                   IBUF (Prop_ibuf_I_O)         0.226     0.226 r  clk_wiz_inst/inst/clkin1_ibufg/O
                         net (fo=1, routed)           0.440     0.667    clk_wiz_inst/inst/clk_in1_clk_wiz_0
    MMCME2_ADV_X1Y0      MMCME2_ADV (Prop_mmcme2_adv_CLKIN1_CLKOUT0)
                                                     -2.360    -1.693 r  clk_wiz_inst/inst/mmcm_adv_inst/CLKOUT0
                         net (fo=1, routed)           0.486    -1.207    clk_wiz_inst/inst/clk_out1_clk_wiz_0
    BUFGCTRL_X0Y0        BUFG (Prop_bufg_I_O)         0.026    -1.181 r  clk_wiz_inst/inst/clkout1_buf/O
                         net (fo=377, routed)         0.561    -0.620    io_inst/clk_out1
    SLICE_X49Y16         FDRE                                         r  io_inst/display_reg_reg[2]/C
  -------------------------------------------------------------------    -------------------
    SLICE_X49Y16         FDRE (Prop_fdre_C_Q)         0.141    -0.479 r  io_inst/display_reg_reg[2]/Q
                         net (fo=23, routed)          0.177    -0.303    io_inst/Q[2]
    SLICE_X51Y17         LUT6 (Prop_lut6_I1_O)        0.045    -0.258 r  io_inst/seg_data_OBUF[1]_inst_i_3/O
                         net (fo=1, routed)           0.052    -0.206    io_inst/seg_inst/seg_data[1]_0
    SLICE_X51Y17         LUT5 (Prop_lut5_I2_O)        0.045    -0.161 r  io_inst/seg_inst/seg_data_OBUF[1]_inst_i_1/O
                         net (fo=1, routed)           0.688     0.528    seg_data_OBUF[1]
    W6                   OBUF (Prop_obuf_I_O)         1.230     1.758 r  seg_data_OBUF[1]_inst/O
                         net (fo=0)                   0.000     1.758    seg_data[1]
    W6                                                                r  seg_data[1] (OUT)
  -------------------------------------------------------------------    -------------------

Slack:                    inf
  Source:                 io_inst/display_reg_reg[0]/C
                            (rising edge-triggered cell FDRE clocked by clk_out1_clk_wiz_0  {rise@0.000ns fall@5.000ns period=10.000ns})
  Destination:            seg_data[5]
                            (output port)
  Path Group:             (none)
  Path Type:              Min at Fast Process Corner
  Data Path Delay:        2.394ns  (logic 1.392ns (58.119%)  route 1.003ns (41.881%))
  Logic Levels:           2  (LUT5=1 OBUF=1)
  Clock Uncertainty:      0.169ns  ((TSJ^2 + DJ^2)^1/2) / 2 + PE
    Total System Jitter     (TSJ):    0.050ns
    Discrete Jitter          (DJ):    0.131ns
    Phase Error              (PE):    0.099ns

    Location             Delay type                Incr(ns)  Path(ns)    Netlist Resource(s)
  -------------------------------------------------------------------    -------------------
                         (clock clk_out1_clk_wiz_0 rise edge)
                                                      0.000     0.000 r  
    W5                                                0.000     0.000 r  sys_clk (IN)
                         net (fo=0)                   0.000     0.000    clk_wiz_inst/inst/clk_in1
    W5                   IBUF (Prop_ibuf_I_O)         0.226     0.226 r  clk_wiz_inst/inst/clkin1_ibufg/O
                         net (fo=1, routed)           0.440     0.667    clk_wiz_inst/inst/clk_in1_clk_wiz_0
    MMCME2_ADV_X1Y0      MMCME2_ADV (Prop_mmcme2_adv_CLKIN1_CLKOUT0)
                                                     -2.360    -1.693 r  clk_wiz_inst/inst/mmcm_adv_inst/CLKOUT0
                         net (fo=1, routed)           0.486    -1.207    clk_wiz_inst/inst/clk_out1_clk_wiz_0
    BUFGCTRL_X0Y0        BUFG (Prop_bufg_I_O)         0.026    -1.181 r  clk_wiz_inst/inst/clkout1_buf/O
                         net (fo=377, routed)         0.561    -0.620    io_inst/clk_out1
    SLICE_X49Y16         FDRE                                         r  io_inst/display_reg_reg[0]/C
  -------------------------------------------------------------------    -------------------
    SLICE_X49Y16         FDRE (Prop_fdre_C_Q)         0.141    -0.479 r  io_inst/display_reg_reg[0]/Q
                         net (fo=7, routed)           0.396    -0.084    io_inst/seg_inst/Q[0]
    SLICE_X51Y18         LUT5 (Prop_lut5_I1_O)        0.045    -0.039 r  io_inst/seg_inst/seg_data_OBUF[5]_inst_i_1/O
                         net (fo=1, routed)           0.607     0.568    seg_data_OBUF[5]
    V5                   OBUF (Prop_obuf_I_O)         1.206     1.774 r  seg_data_OBUF[5]_inst/O
                         net (fo=0)                   0.000     1.774    seg_data[5]
    V5                                                                r  seg_data[5] (OUT)
  -------------------------------------------------------------------    -------------------

Slack:                    inf
  Source:                 io_inst/display_reg_reg[0]/C
                            (rising edge-triggered cell FDRE clocked by clk_out1_clk_wiz_0  {rise@0.000ns fall@5.000ns period=10.000ns})
  Destination:            seg_data[0]
                            (output port)
  Path Group:             (none)
  Path Type:              Min at Fast Process Corner
  Data Path Delay:        2.399ns  (logic 1.398ns (58.271%)  route 1.001ns (41.729%))
  Logic Levels:           2  (LUT5=1 OBUF=1)
  Clock Uncertainty:      0.169ns  ((TSJ^2 + DJ^2)^1/2) / 2 + PE
    Total System Jitter     (TSJ):    0.050ns
    Discrete Jitter          (DJ):    0.131ns
    Phase Error              (PE):    0.099ns

    Location             Delay type                Incr(ns)  Path(ns)    Netlist Resource(s)
  -------------------------------------------------------------------    -------------------
                         (clock clk_out1_clk_wiz_0 rise edge)
                                                      0.000     0.000 r  
    W5                                                0.000     0.000 r  sys_clk (IN)
                         net (fo=0)                   0.000     0.000    clk_wiz_inst/inst/clk_in1
    W5                   IBUF (Prop_ibuf_I_O)         0.226     0.226 r  clk_wiz_inst/inst/clkin1_ibufg/O
                         net (fo=1, routed)           0.440     0.667    clk_wiz_inst/inst/clk_in1_clk_wiz_0
    MMCME2_ADV_X1Y0      MMCME2_ADV (Prop_mmcme2_adv_CLKIN1_CLKOUT0)
                                                     -2.360    -1.693 r  clk_wiz_inst/inst/mmcm_adv_inst/CLKOUT0
                         net (fo=1, routed)           0.486    -1.207    clk_wiz_inst/inst/clk_out1_clk_wiz_0
    BUFGCTRL_X0Y0        BUFG (Prop_bufg_I_O)         0.026    -1.181 r  clk_wiz_inst/inst/clkout1_buf/O
                         net (fo=377, routed)         0.561    -0.620    io_inst/clk_out1
    SLICE_X49Y16         FDRE                                         r  io_inst/display_reg_reg[0]/C
  -------------------------------------------------------------------    -------------------
    SLICE_X49Y16         FDRE (Prop_fdre_C_Q)         0.141    -0.479 r  io_inst/display_reg_reg[0]/Q
                         net (fo=7, routed)           0.335    -0.145    io_inst/seg_inst/Q[0]
    SLICE_X50Y17         LUT5 (Prop_lut5_I1_O)        0.045    -0.100 r  io_inst/seg_inst/seg_data_OBUF[0]_inst_i_1/O
                         net (fo=1, routed)           0.666     0.567    seg_data_OBUF[0]
    W7                   OBUF (Prop_obuf_I_O)         1.212     1.778 r  seg_data_OBUF[0]_inst/O
                         net (fo=0)                   0.000     1.778    seg_data[0]
    W7                                                                r  seg_data[0] (OUT)
  -------------------------------------------------------------------    -------------------

Slack:                    inf
  Source:                 io_inst/display_reg_reg[0]/C
                            (rising edge-triggered cell FDRE clocked by clk_out1_clk_wiz_0  {rise@0.000ns fall@5.000ns period=10.000ns})
  Destination:            seg_data[2]
                            (output port)
  Path Group:             (none)
  Path Type:              Min at Fast Process Corner
  Data Path Delay:        2.399ns  (logic 1.422ns (59.279%)  route 0.977ns (40.721%))
  Logic Levels:           2  (LUT6=1 OBUF=1)
  Clock Uncertainty:      0.169ns  ((TSJ^2 + DJ^2)^1/2) / 2 + PE
    Total System Jitter     (TSJ):    0.050ns
    Discrete Jitter          (DJ):    0.131ns
    Phase Error              (PE):    0.099ns

    Location             Delay type                Incr(ns)  Path(ns)    Netlist Resource(s)
  -------------------------------------------------------------------    -------------------
                         (clock clk_out1_clk_wiz_0 rise edge)
                                                      0.000     0.000 r  
    W5                                                0.000     0.000 r  sys_clk (IN)
                         net (fo=0)                   0.000     0.000    clk_wiz_inst/inst/clk_in1
    W5                   IBUF (Prop_ibuf_I_O)         0.226     0.226 r  clk_wiz_inst/inst/clkin1_ibufg/O
                         net (fo=1, routed)           0.440     0.667    clk_wiz_inst/inst/clk_in1_clk_wiz_0
    MMCME2_ADV_X1Y0      MMCME2_ADV (Prop_mmcme2_adv_CLKIN1_CLKOUT0)
                                                     -2.360    -1.693 r  clk_wiz_inst/inst/mmcm_adv_inst/CLKOUT0
                         net (fo=1, routed)           0.486    -1.207    clk_wiz_inst/inst/clk_out1_clk_wiz_0
    BUFGCTRL_X0Y0        BUFG (Prop_bufg_I_O)         0.026    -1.181 r  clk_wiz_inst/inst/clkout1_buf/O
                         net (fo=377, routed)         0.561    -0.620    io_inst/clk_out1
    SLICE_X49Y16         FDRE                                         r  io_inst/display_reg_reg[0]/C
  -------------------------------------------------------------------    -------------------
    SLICE_X49Y16         FDRE (Prop_fdre_C_Q)         0.141    -0.479 f  io_inst/display_reg_reg[0]/Q
                         net (fo=7, routed)           0.378    -0.101    io_inst/seg_inst/Q[0]
    SLICE_X52Y18         LUT6 (Prop_lut6_I1_O)        0.045    -0.056 r  io_inst/seg_inst/seg_data_OBUF[2]_inst_i_1/O
                         net (fo=1, routed)           0.599     0.542    seg_data_OBUF[2]
    U8                   OBUF (Prop_obuf_I_O)         1.236     1.778 r  seg_data_OBUF[2]_inst/O
                         net (fo=0)                   0.000     1.778    seg_data[2]
    U8                                                                r  seg_data[2] (OUT)
  -------------------------------------------------------------------    -------------------

Slack:                    inf
  Source:                 io_inst/display_reg_reg[0]/C
                            (rising edge-triggered cell FDRE clocked by clk_out1_clk_wiz_0  {rise@0.000ns fall@5.000ns period=10.000ns})
  Destination:            seg_data[6]
                            (output port)
  Path Group:             (none)
  Path Type:              Min at Fast Process Corner
  Data Path Delay:        2.427ns  (logic 1.418ns (58.439%)  route 1.009ns (41.561%))
  Logic Levels:           2  (LUT5=1 OBUF=1)
  Clock Uncertainty:      0.169ns  ((TSJ^2 + DJ^2)^1/2) / 2 + PE
    Total System Jitter     (TSJ):    0.050ns
    Discrete Jitter          (DJ):    0.131ns
    Phase Error              (PE):    0.099ns

    Location             Delay type                Incr(ns)  Path(ns)    Netlist Resource(s)
  -------------------------------------------------------------------    -------------------
                         (clock clk_out1_clk_wiz_0 rise edge)
                                                      0.000     0.000 r  
    W5                                                0.000     0.000 r  sys_clk (IN)
                         net (fo=0)                   0.000     0.000    clk_wiz_inst/inst/clk_in1
    W5                   IBUF (Prop_ibuf_I_O)         0.226     0.226 r  clk_wiz_inst/inst/clkin1_ibufg/O
                         net (fo=1, routed)           0.440     0.667    clk_wiz_inst/inst/clk_in1_clk_wiz_0
    MMCME2_ADV_X1Y0      MMCME2_ADV (Prop_mmcme2_adv_CLKIN1_CLKOUT0)
                                                     -2.360    -1.693 r  clk_wiz_inst/inst/mmcm_adv_inst/CLKOUT0
                         net (fo=1, routed)           0.486    -1.207    clk_wiz_inst/inst/clk_out1_clk_wiz_0
    BUFGCTRL_X0Y0        BUFG (Prop_bufg_I_O)         0.026    -1.181 r  clk_wiz_inst/inst/clkout1_buf/O
                         net (fo=377, routed)         0.561    -0.620    io_inst/clk_out1
    SLICE_X49Y16         FDRE                                         r  io_inst/display_reg_reg[0]/C
  -------------------------------------------------------------------    -------------------
    SLICE_X49Y16         FDRE (Prop_fdre_C_Q)         0.141    -0.479 r  io_inst/display_reg_reg[0]/Q
                         net (fo=7, routed)           0.363    -0.117    io_inst/seg_inst/Q[0]
    SLICE_X50Y17         LUT5 (Prop_lut5_I1_O)        0.045    -0.072 r  io_inst/seg_inst/seg_data_OBUF[6]_inst_i_1/O
                         net (fo=1, routed)           0.646     0.574    seg_data_OBUF[6]
    U7                   OBUF (Prop_obuf_I_O)         1.232     1.807 r  seg_data_OBUF[6]_inst/O
                         net (fo=0)                   0.000     1.807    seg_data[6]
    U7                                                                r  seg_data[6] (OUT)
  -------------------------------------------------------------------    -------------------





--------------------------------------------------------------------------------------
Path Group:  (none)
From Clock:  
  To Clock:  clk_out1_clk_wiz_0

Max Delay            98 Endpoints
Min Delay            98 Endpoints
--------------------------------------------------------------------------------------


Max Delay Paths
--------------------------------------------------------------------------------------
Slack:                    inf
  Source:                 sys_reset
                            (input port)
  Destination:            dut/dp/pcreg/q_reg[24]/R
                            (rising edge-triggered cell FDRE clocked by clk_out1_clk_wiz_0  {rise@0.000ns fall@5.000ns period=10.000ns})
  Path Group:             (none)
  Path Type:              Setup (Max at Slow Process Corner)
  Data Path Delay:        4.684ns  (logic 1.441ns (30.769%)  route 3.243ns (69.231%))
  Logic Levels:           1  (IBUF=1)
  Clock Path Skew:        -1.554ns (DCD - SCD + CPR)
    Destination Clock Delay (DCD):    -1.554ns
    Source Clock Delay      (SCD):    0.000ns
    Clock Pessimism Removal (CPR):    0.000ns
  Clock Uncertainty:      0.169ns  ((TSJ^2 + DJ^2)^1/2) / 2 + PE
    Total System Jitter     (TSJ):    0.050ns
    Discrete Jitter          (DJ):    0.131ns
    Phase Error              (PE):    0.099ns

    Location             Delay type                Incr(ns)  Path(ns)    Netlist Resource(s)
  -------------------------------------------------------------------    -------------------
    U18                                               0.000     0.000 r  sys_reset (IN)
                         net (fo=0)                   0.000     0.000    sys_reset
    U18                  IBUF (Prop_ibuf_I_O)         1.441     1.441 r  sys_reset_IBUF_inst/O
                         net (fo=95, routed)          3.243     4.684    dut/dp/pcreg/AS[0]
    SLICE_X44Y16         FDRE                                         r  dut/dp/pcreg/q_reg[24]/R
  -------------------------------------------------------------------    -------------------

                         (clock clk_out1_clk_wiz_0 rise edge)
                                                      0.000     0.000 r  
    W5                                                0.000     0.000 r  sys_clk (IN)
                         net (fo=0)                   0.000     0.000    clk_wiz_inst/inst/clk_in1
    W5                   IBUF (Prop_ibuf_I_O)         1.388     1.388 r  clk_wiz_inst/inst/clkin1_ibufg/O
                         net (fo=1, routed)           1.162     2.550    clk_wiz_inst/inst/clk_in1_clk_wiz_0
    MMCME2_ADV_X1Y0      MMCME2_ADV (Prop_mmcme2_adv_CLKIN1_CLKOUT0)
                                                     -7.217    -4.668 r  clk_wiz_inst/inst/mmcm_adv_inst/CLKOUT0
                         net (fo=1, routed)           1.581    -3.086    clk_wiz_inst/inst/clk_out1_clk_wiz_0
    BUFGCTRL_X0Y0        BUFG (Prop_bufg_I_O)         0.091    -2.995 r  clk_wiz_inst/inst/clkout1_buf/O
                         net (fo=377, routed)         1.441    -1.554    dut/dp/pcreg/clk_out1
    SLICE_X44Y16         FDRE                                         r  dut/dp/pcreg/q_reg[24]/C

Slack:                    inf
  Source:                 sys_reset
                            (input port)
  Destination:            dut/dp/pcreg/q_reg[22]/R
                            (rising edge-triggered cell FDRE clocked by clk_out1_clk_wiz_0  {rise@0.000ns fall@5.000ns period=10.000ns})
  Path Group:             (none)
  Path Type:              Setup (Max at Slow Process Corner)
  Data Path Delay:        4.589ns  (logic 1.441ns (31.406%)  route 3.148ns (68.594%))
  Logic Levels:           1  (IBUF=1)
  Clock Path Skew:        -1.558ns (DCD - SCD + CPR)
    Destination Clock Delay (DCD):    -1.558ns
    Source Clock Delay      (SCD):    0.000ns
    Clock Pessimism Removal (CPR):    0.000ns
  Clock Uncertainty:      0.169ns  ((TSJ^2 + DJ^2)^1/2) / 2 + PE
    Total System Jitter     (TSJ):    0.050ns
    Discrete Jitter          (DJ):    0.131ns
    Phase Error              (PE):    0.099ns

    Location             Delay type                Incr(ns)  Path(ns)    Netlist Resource(s)
  -------------------------------------------------------------------    -------------------
    U18                                               0.000     0.000 r  sys_reset (IN)
                         net (fo=0)                   0.000     0.000    sys_reset
    U18                  IBUF (Prop_ibuf_I_O)         1.441     1.441 r  sys_reset_IBUF_inst/O
                         net (fo=95, routed)          3.148     4.589    dut/dp/pcreg/AS[0]
    SLICE_X42Y18         FDRE                                         r  dut/dp/pcreg/q_reg[22]/R
  -------------------------------------------------------------------    -------------------

                         (clock clk_out1_clk_wiz_0 rise edge)
                                                      0.000     0.000 r  
    W5                                                0.000     0.000 r  sys_clk (IN)
                         net (fo=0)                   0.000     0.000    clk_wiz_inst/inst/clk_in1
    W5                   IBUF (Prop_ibuf_I_O)         1.388     1.388 r  clk_wiz_inst/inst/clkin1_ibufg/O
                         net (fo=1, routed)           1.162     2.550    clk_wiz_inst/inst/clk_in1_clk_wiz_0
    MMCME2_ADV_X1Y0      MMCME2_ADV (Prop_mmcme2_adv_CLKIN1_CLKOUT0)
                                                     -7.217    -4.668 r  clk_wiz_inst/inst/mmcm_adv_inst/CLKOUT0
                         net (fo=1, routed)           1.581    -3.086    clk_wiz_inst/inst/clk_out1_clk_wiz_0
    BUFGCTRL_X0Y0        BUFG (Prop_bufg_I_O)         0.091    -2.995 r  clk_wiz_inst/inst/clkout1_buf/O
                         net (fo=377, routed)         1.437    -1.558    dut/dp/pcreg/clk_out1
    SLICE_X42Y18         FDRE                                         r  dut/dp/pcreg/q_reg[22]/C

Slack:                    inf
  Source:                 sys_reset
                            (input port)
  Destination:            dut/dp/pcreg/q_reg[23]/R
                            (rising edge-triggered cell FDRE clocked by clk_out1_clk_wiz_0  {rise@0.000ns fall@5.000ns period=10.000ns})
  Path Group:             (none)
  Path Type:              Setup (Max at Slow Process Corner)
  Data Path Delay:        4.589ns  (logic 1.441ns (31.406%)  route 3.148ns (68.594%))
  Logic Levels:           1  (IBUF=1)
  Clock Path Skew:        -1.558ns (DCD - SCD + CPR)
    Destination Clock Delay (DCD):    -1.558ns
    Source Clock Delay      (SCD):    0.000ns
    Clock Pessimism Removal (CPR):    0.000ns
  Clock Uncertainty:      0.169ns  ((TSJ^2 + DJ^2)^1/2) / 2 + PE
    Total System Jitter     (TSJ):    0.050ns
    Discrete Jitter          (DJ):    0.131ns
    Phase Error              (PE):    0.099ns

    Location             Delay type                Incr(ns)  Path(ns)    Netlist Resource(s)
  -------------------------------------------------------------------    -------------------
    U18                                               0.000     0.000 r  sys_reset (IN)
                         net (fo=0)                   0.000     0.000    sys_reset
    U18                  IBUF (Prop_ibuf_I_O)         1.441     1.441 r  sys_reset_IBUF_inst/O
                         net (fo=95, routed)          3.148     4.589    dut/dp/pcreg/AS[0]
    SLICE_X42Y18         FDRE                                         r  dut/dp/pcreg/q_reg[23]/R
  -------------------------------------------------------------------    -------------------

                         (clock clk_out1_clk_wiz_0 rise edge)
                                                      0.000     0.000 r  
    W5                                                0.000     0.000 r  sys_clk (IN)
                         net (fo=0)                   0.000     0.000    clk_wiz_inst/inst/clk_in1
    W5                   IBUF (Prop_ibuf_I_O)         1.388     1.388 r  clk_wiz_inst/inst/clkin1_ibufg/O
                         net (fo=1, routed)           1.162     2.550    clk_wiz_inst/inst/clk_in1_clk_wiz_0
    MMCME2_ADV_X1Y0      MMCME2_ADV (Prop_mmcme2_adv_CLKIN1_CLKOUT0)
                                                     -7.217    -4.668 r  clk_wiz_inst/inst/mmcm_adv_inst/CLKOUT0
                         net (fo=1, routed)           1.581    -3.086    clk_wiz_inst/inst/clk_out1_clk_wiz_0
    BUFGCTRL_X0Y0        BUFG (Prop_bufg_I_O)         0.091    -2.995 r  clk_wiz_inst/inst/clkout1_buf/O
                         net (fo=377, routed)         1.437    -1.558    dut/dp/pcreg/clk_out1
    SLICE_X42Y18         FDRE                                         r  dut/dp/pcreg/q_reg[23]/C

Slack:                    inf
  Source:                 sys_reset
                            (input port)
  Destination:            dut/dp/pcreg/q_reg[26]/R
                            (rising edge-triggered cell FDRE clocked by clk_out1_clk_wiz_0  {rise@0.000ns fall@5.000ns period=10.000ns})
  Path Group:             (none)
  Path Type:              Setup (Max at Slow Process Corner)
  Data Path Delay:        4.589ns  (logic 1.441ns (31.406%)  route 3.148ns (68.594%))
  Logic Levels:           1  (IBUF=1)
  Clock Path Skew:        -1.558ns (DCD - SCD + CPR)
    Destination Clock Delay (DCD):    -1.558ns
    Source Clock Delay      (SCD):    0.000ns
    Clock Pessimism Removal (CPR):    0.000ns
  Clock Uncertainty:      0.169ns  ((TSJ^2 + DJ^2)^1/2) / 2 + PE
    Total System Jitter     (TSJ):    0.050ns
    Discrete Jitter          (DJ):    0.131ns
    Phase Error              (PE):    0.099ns

    Location             Delay type                Incr(ns)  Path(ns)    Netlist Resource(s)
  -------------------------------------------------------------------    -------------------
    U18                                               0.000     0.000 r  sys_reset (IN)
                         net (fo=0)                   0.000     0.000    sys_reset
    U18                  IBUF (Prop_ibuf_I_O)         1.441     1.441 r  sys_reset_IBUF_inst/O
                         net (fo=95, routed)          3.148     4.589    dut/dp/pcreg/AS[0]
    SLICE_X42Y18         FDRE                                         r  dut/dp/pcreg/q_reg[26]/R
  -------------------------------------------------------------------    -------------------

                         (clock clk_out1_clk_wiz_0 rise edge)
                                                      0.000     0.000 r  
    W5                                                0.000     0.000 r  sys_clk (IN)
                         net (fo=0)                   0.000     0.000    clk_wiz_inst/inst/clk_in1
    W5                   IBUF (Prop_ibuf_I_O)         1.388     1.388 r  clk_wiz_inst/inst/clkin1_ibufg/O
                         net (fo=1, routed)           1.162     2.550    clk_wiz_inst/inst/clk_in1_clk_wiz_0
    MMCME2_ADV_X1Y0      MMCME2_ADV (Prop_mmcme2_adv_CLKIN1_CLKOUT0)
                                                     -7.217    -4.668 r  clk_wiz_inst/inst/mmcm_adv_inst/CLKOUT0
                         net (fo=1, routed)           1.581    -3.086    clk_wiz_inst/inst/clk_out1_clk_wiz_0
    BUFGCTRL_X0Y0        BUFG (Prop_bufg_I_O)         0.091    -2.995 r  clk_wiz_inst/inst/clkout1_buf/O
                         net (fo=377, routed)         1.437    -1.558    dut/dp/pcreg/clk_out1
    SLICE_X42Y18         FDRE                                         r  dut/dp/pcreg/q_reg[26]/C

Slack:                    inf
  Source:                 sys_reset
                            (input port)
  Destination:            dut/dp/pcreg/q_reg[18]/R
                            (rising edge-triggered cell FDRE clocked by clk_out1_clk_wiz_0  {rise@0.000ns fall@5.000ns period=10.000ns})
  Path Group:             (none)
  Path Type:              Setup (Max at Slow Process Corner)
  Data Path Delay:        4.527ns  (logic 1.441ns (31.839%)  route 3.086ns (68.161%))
  Logic Levels:           1  (IBUF=1)
  Clock Path Skew:        -1.553ns (DCD - SCD + CPR)
    Destination Clock Delay (DCD):    -1.553ns
    Source Clock Delay      (SCD):    0.000ns
    Clock Pessimism Removal (CPR):    0.000ns
  Clock Uncertainty:      0.169ns  ((TSJ^2 + DJ^2)^1/2) / 2 + PE
    Total System Jitter     (TSJ):    0.050ns
    Discrete Jitter          (DJ):    0.131ns
    Phase Error              (PE):    0.099ns

    Location             Delay type                Incr(ns)  Path(ns)    Netlist Resource(s)
  -------------------------------------------------------------------    -------------------
    U18                                               0.000     0.000 r  sys_reset (IN)
                         net (fo=0)                   0.000     0.000    sys_reset
    U18                  IBUF (Prop_ibuf_I_O)         1.441     1.441 r  sys_reset_IBUF_inst/O
                         net (fo=95, routed)          3.086     4.527    dut/dp/pcreg/AS[0]
    SLICE_X46Y15         FDRE                                         r  dut/dp/pcreg/q_reg[18]/R
  -------------------------------------------------------------------    -------------------

                         (clock clk_out1_clk_wiz_0 rise edge)
                                                      0.000     0.000 r  
    W5                                                0.000     0.000 r  sys_clk (IN)
                         net (fo=0)                   0.000     0.000    clk_wiz_inst/inst/clk_in1
    W5                   IBUF (Prop_ibuf_I_O)         1.388     1.388 r  clk_wiz_inst/inst/clkin1_ibufg/O
                         net (fo=1, routed)           1.162     2.550    clk_wiz_inst/inst/clk_in1_clk_wiz_0
    MMCME2_ADV_X1Y0      MMCME2_ADV (Prop_mmcme2_adv_CLKIN1_CLKOUT0)
                                                     -7.217    -4.668 r  clk_wiz_inst/inst/mmcm_adv_inst/CLKOUT0
                         net (fo=1, routed)           1.581    -3.086    clk_wiz_inst/inst/clk_out1_clk_wiz_0
    BUFGCTRL_X0Y0        BUFG (Prop_bufg_I_O)         0.091    -2.995 r  clk_wiz_inst/inst/clkout1_buf/O
                         net (fo=377, routed)         1.442    -1.553    dut/dp/pcreg/clk_out1
    SLICE_X46Y15         FDRE                                         r  dut/dp/pcreg/q_reg[18]/C

Slack:                    inf
  Source:                 sys_reset
                            (input port)
  Destination:            dut/dp/pcreg/q_reg[14]/R
                            (rising edge-triggered cell FDRE clocked by clk_out1_clk_wiz_0  {rise@0.000ns fall@5.000ns period=10.000ns})
  Path Group:             (none)
  Path Type:              Setup (Max at Slow Process Corner)
  Data Path Delay:        4.494ns  (logic 1.441ns (32.070%)  route 3.053ns (67.930%))
  Logic Levels:           1  (IBUF=1)
  Clock Path Skew:        -1.552ns (DCD - SCD + CPR)
    Destination Clock Delay (DCD):    -1.552ns
    Source Clock Delay      (SCD):    0.000ns
    Clock Pessimism Removal (CPR):    0.000ns
  Clock Uncertainty:      0.169ns  ((TSJ^2 + DJ^2)^1/2) / 2 + PE
    Total System Jitter     (TSJ):    0.050ns
    Discrete Jitter          (DJ):    0.131ns
    Phase Error              (PE):    0.099ns

    Location             Delay type                Incr(ns)  Path(ns)    Netlist Resource(s)
  -------------------------------------------------------------------    -------------------
    U18                                               0.000     0.000 r  sys_reset (IN)
                         net (fo=0)                   0.000     0.000    sys_reset
    U18                  IBUF (Prop_ibuf_I_O)         1.441     1.441 r  sys_reset_IBUF_inst/O
                         net (fo=95, routed)          3.053     4.494    dut/dp/pcreg/AS[0]
    SLICE_X45Y14         FDRE                                         r  dut/dp/pcreg/q_reg[14]/R
  -------------------------------------------------------------------    -------------------

                         (clock clk_out1_clk_wiz_0 rise edge)
                                                      0.000     0.000 r  
    W5                                                0.000     0.000 r  sys_clk (IN)
                         net (fo=0)                   0.000     0.000    clk_wiz_inst/inst/clk_in1
    W5                   IBUF (Prop_ibuf_I_O)         1.388     1.388 r  clk_wiz_inst/inst/clkin1_ibufg/O
                         net (fo=1, routed)           1.162     2.550    clk_wiz_inst/inst/clk_in1_clk_wiz_0
    MMCME2_ADV_X1Y0      MMCME2_ADV (Prop_mmcme2_adv_CLKIN1_CLKOUT0)
                                                     -7.217    -4.668 r  clk_wiz_inst/inst/mmcm_adv_inst/CLKOUT0
                         net (fo=1, routed)           1.581    -3.086    clk_wiz_inst/inst/clk_out1_clk_wiz_0
    BUFGCTRL_X0Y0        BUFG (Prop_bufg_I_O)         0.091    -2.995 r  clk_wiz_inst/inst/clkout1_buf/O
                         net (fo=377, routed)         1.443    -1.552    dut/dp/pcreg/clk_out1
    SLICE_X45Y14         FDRE                                         r  dut/dp/pcreg/q_reg[14]/C

Slack:                    inf
  Source:                 sys_reset
                            (input port)
  Destination:            dut/dp/pcreg/q_reg[16]/R
                            (rising edge-triggered cell FDRE clocked by clk_out1_clk_wiz_0  {rise@0.000ns fall@5.000ns period=10.000ns})
  Path Group:             (none)
  Path Type:              Setup (Max at Slow Process Corner)
  Data Path Delay:        4.447ns  (logic 1.441ns (32.410%)  route 3.006ns (67.590%))
  Logic Levels:           1  (IBUF=1)
  Clock Path Skew:        -1.555ns (DCD - SCD + CPR)
    Destination Clock Delay (DCD):    -1.555ns
    Source Clock Delay      (SCD):    0.000ns
    Clock Pessimism Removal (CPR):    0.000ns
  Clock Uncertainty:      0.169ns  ((TSJ^2 + DJ^2)^1/2) / 2 + PE
    Total System Jitter     (TSJ):    0.050ns
    Discrete Jitter          (DJ):    0.131ns
    Phase Error              (PE):    0.099ns

    Location             Delay type                Incr(ns)  Path(ns)    Netlist Resource(s)
  -------------------------------------------------------------------    -------------------
    U18                                               0.000     0.000 r  sys_reset (IN)
                         net (fo=0)                   0.000     0.000    sys_reset
    U18                  IBUF (Prop_ibuf_I_O)         1.441     1.441 r  sys_reset_IBUF_inst/O
                         net (fo=95, routed)          3.006     4.447    dut/dp/pcreg/AS[0]
    SLICE_X44Y17         FDRE                                         r  dut/dp/pcreg/q_reg[16]/R
  -------------------------------------------------------------------    -------------------

                         (clock clk_out1_clk_wiz_0 rise edge)
                                                      0.000     0.000 r  
    W5                                                0.000     0.000 r  sys_clk (IN)
                         net (fo=0)                   0.000     0.000    clk_wiz_inst/inst/clk_in1
    W5                   IBUF (Prop_ibuf_I_O)         1.388     1.388 r  clk_wiz_inst/inst/clkin1_ibufg/O
                         net (fo=1, routed)           1.162     2.550    clk_wiz_inst/inst/clk_in1_clk_wiz_0
    MMCME2_ADV_X1Y0      MMCME2_ADV (Prop_mmcme2_adv_CLKIN1_CLKOUT0)
                                                     -7.217    -4.668 r  clk_wiz_inst/inst/mmcm_adv_inst/CLKOUT0
                         net (fo=1, routed)           1.581    -3.086    clk_wiz_inst/inst/clk_out1_clk_wiz_0
    BUFGCTRL_X0Y0        BUFG (Prop_bufg_I_O)         0.091    -2.995 r  clk_wiz_inst/inst/clkout1_buf/O
                         net (fo=377, routed)         1.440    -1.555    dut/dp/pcreg/clk_out1
    SLICE_X44Y17         FDRE                                         r  dut/dp/pcreg/q_reg[16]/C

Slack:                    inf
  Source:                 sys_reset
                            (input port)
  Destination:            io_inst/timer_inst/count_reg[14]/CLR
                            (recovery check against rising-edge clock clk_out1_clk_wiz_0  {rise@0.000ns fall@5.000ns period=10.000ns})
  Path Group:             (none)
  Path Type:              Recovery (Max at Slow Process Corner)
  Data Path Delay:        4.330ns  (logic 1.441ns (33.285%)  route 2.889ns (66.715%))
  Logic Levels:           1  (IBUF=1)
  Clock Path Skew:        -1.567ns (DCD - SCD + CPR)
    Destination Clock Delay (DCD):    -1.567ns
    Source Clock Delay      (SCD):    0.000ns
    Clock Pessimism Removal (CPR):    0.000ns
  Clock Uncertainty:      0.169ns  ((TSJ^2 + DJ^2)^1/2) / 2 + PE
    Total System Jitter     (TSJ):    0.050ns
    Discrete Jitter          (DJ):    0.131ns
    Phase Error              (PE):    0.099ns

    Location             Delay type                Incr(ns)  Path(ns)    Netlist Resource(s)
  -------------------------------------------------------------------    -------------------
    U18                                               0.000     0.000 f  sys_reset (IN)
                         net (fo=0)                   0.000     0.000    sys_reset
    U18                  IBUF (Prop_ibuf_I_O)         1.441     1.441 f  sys_reset_IBUF_inst/O
                         net (fo=95, routed)          2.889     4.330    io_inst/timer_inst/AS[0]
    SLICE_X33Y25         FDCE                                         f  io_inst/timer_inst/count_reg[14]/CLR
  -------------------------------------------------------------------    -------------------

                         (clock clk_out1_clk_wiz_0 rise edge)
                                                      0.000     0.000 r  
    W5                                                0.000     0.000 r  sys_clk (IN)
                         net (fo=0)                   0.000     0.000    clk_wiz_inst/inst/clk_in1
    W5                   IBUF (Prop_ibuf_I_O)         1.388     1.388 r  clk_wiz_inst/inst/clkin1_ibufg/O
                         net (fo=1, routed)           1.162     2.550    clk_wiz_inst/inst/clk_in1_clk_wiz_0
    MMCME2_ADV_X1Y0      MMCME2_ADV (Prop_mmcme2_adv_CLKIN1_CLKOUT0)
                                                     -7.217    -4.668 r  clk_wiz_inst/inst/mmcm_adv_inst/CLKOUT0
                         net (fo=1, routed)           1.581    -3.086    clk_wiz_inst/inst/clk_out1_clk_wiz_0
    BUFGCTRL_X0Y0        BUFG (Prop_bufg_I_O)         0.091    -2.995 r  clk_wiz_inst/inst/clkout1_buf/O
                         net (fo=377, routed)         1.428    -1.567    io_inst/timer_inst/clk_out1
    SLICE_X33Y25         FDCE                                         r  io_inst/timer_inst/count_reg[14]/C

Slack:                    inf
  Source:                 sys_reset
                            (input port)
  Destination:            io_inst/timer_inst/count_reg[15]/CLR
                            (recovery check against rising-edge clock clk_out1_clk_wiz_0  {rise@0.000ns fall@5.000ns period=10.000ns})
  Path Group:             (none)
  Path Type:              Recovery (Max at Slow Process Corner)
  Data Path Delay:        4.330ns  (logic 1.441ns (33.285%)  route 2.889ns (66.715%))
  Logic Levels:           1  (IBUF=1)
  Clock Path Skew:        -1.567ns (DCD - SCD + CPR)
    Destination Clock Delay (DCD):    -1.567ns
    Source Clock Delay      (SCD):    0.000ns
    Clock Pessimism Removal (CPR):    0.000ns
  Clock Uncertainty:      0.169ns  ((TSJ^2 + DJ^2)^1/2) / 2 + PE
    Total System Jitter     (TSJ):    0.050ns
    Discrete Jitter          (DJ):    0.131ns
    Phase Error              (PE):    0.099ns

    Location             Delay type                Incr(ns)  Path(ns)    Netlist Resource(s)
  -------------------------------------------------------------------    -------------------
    U18                                               0.000     0.000 f  sys_reset (IN)
                         net (fo=0)                   0.000     0.000    sys_reset
    U18                  IBUF (Prop_ibuf_I_O)         1.441     1.441 f  sys_reset_IBUF_inst/O
                         net (fo=95, routed)          2.889     4.330    io_inst/timer_inst/AS[0]
    SLICE_X33Y25         FDCE                                         f  io_inst/timer_inst/count_reg[15]/CLR
  -------------------------------------------------------------------    -------------------

                         (clock clk_out1_clk_wiz_0 rise edge)
                                                      0.000     0.000 r  
    W5                                                0.000     0.000 r  sys_clk (IN)
                         net (fo=0)                   0.000     0.000    clk_wiz_inst/inst/clk_in1
    W5                   IBUF (Prop_ibuf_I_O)         1.388     1.388 r  clk_wiz_inst/inst/clkin1_ibufg/O
                         net (fo=1, routed)           1.162     2.550    clk_wiz_inst/inst/clk_in1_clk_wiz_0
    MMCME2_ADV_X1Y0      MMCME2_ADV (Prop_mmcme2_adv_CLKIN1_CLKOUT0)
                                                     -7.217    -4.668 r  clk_wiz_inst/inst/mmcm_adv_inst/CLKOUT0
                         net (fo=1, routed)           1.581    -3.086    clk_wiz_inst/inst/clk_out1_clk_wiz_0
    BUFGCTRL_X0Y0        BUFG (Prop_bufg_I_O)         0.091    -2.995 r  clk_wiz_inst/inst/clkout1_buf/O
                         net (fo=377, routed)         1.428    -1.567    io_inst/timer_inst/clk_out1
    SLICE_X33Y25         FDCE                                         r  io_inst/timer_inst/count_reg[15]/C

Slack:                    inf
  Source:                 sys_reset
                            (input port)
  Destination:            io_inst/timer_inst/count_reg[16]/CLR
                            (recovery check against rising-edge clock clk_out1_clk_wiz_0  {rise@0.000ns fall@5.000ns period=10.000ns})
  Path Group:             (none)
  Path Type:              Recovery (Max at Slow Process Corner)
  Data Path Delay:        4.330ns  (logic 1.441ns (33.285%)  route 2.889ns (66.715%))
  Logic Levels:           1  (IBUF=1)
  Clock Path Skew:        -1.567ns (DCD - SCD + CPR)
    Destination Clock Delay (DCD):    -1.567ns
    Source Clock Delay      (SCD):    0.000ns
    Clock Pessimism Removal (CPR):    0.000ns
  Clock Uncertainty:      0.169ns  ((TSJ^2 + DJ^2)^1/2) / 2 + PE
    Total System Jitter     (TSJ):    0.050ns
    Discrete Jitter          (DJ):    0.131ns
    Phase Error              (PE):    0.099ns

    Location             Delay type                Incr(ns)  Path(ns)    Netlist Resource(s)
  -------------------------------------------------------------------    -------------------
    U18                                               0.000     0.000 f  sys_reset (IN)
                         net (fo=0)                   0.000     0.000    sys_reset
    U18                  IBUF (Prop_ibuf_I_O)         1.441     1.441 f  sys_reset_IBUF_inst/O
                         net (fo=95, routed)          2.889     4.330    io_inst/timer_inst/AS[0]
    SLICE_X33Y25         FDCE                                         f  io_inst/timer_inst/count_reg[16]/CLR
  -------------------------------------------------------------------    -------------------

                         (clock clk_out1_clk_wiz_0 rise edge)
                                                      0.000     0.000 r  
    W5                                                0.000     0.000 r  sys_clk (IN)
                         net (fo=0)                   0.000     0.000    clk_wiz_inst/inst/clk_in1
    W5                   IBUF (Prop_ibuf_I_O)         1.388     1.388 r  clk_wiz_inst/inst/clkin1_ibufg/O
                         net (fo=1, routed)           1.162     2.550    clk_wiz_inst/inst/clk_in1_clk_wiz_0
    MMCME2_ADV_X1Y0      MMCME2_ADV (Prop_mmcme2_adv_CLKIN1_CLKOUT0)
                                                     -7.217    -4.668 r  clk_wiz_inst/inst/mmcm_adv_inst/CLKOUT0
                         net (fo=1, routed)           1.581    -3.086    clk_wiz_inst/inst/clk_out1_clk_wiz_0
    BUFGCTRL_X0Y0        BUFG (Prop_bufg_I_O)         0.091    -2.995 r  clk_wiz_inst/inst/clkout1_buf/O
                         net (fo=377, routed)         1.428    -1.567    io_inst/timer_inst/clk_out1
    SLICE_X33Y25         FDCE                                         r  io_inst/timer_inst/count_reg[16]/C





Min Delay Paths
--------------------------------------------------------------------------------------
Slack:                    inf
  Source:                 btn[1]
                            (input port)
  Destination:            io_inst/debounce_inst/btn_debounced_reg[1]/D
                            (rising edge-triggered cell FDPE clocked by clk_out1_clk_wiz_0  {rise@0.000ns fall@5.000ns period=10.000ns})
  Path Group:             (none)
  Path Type:              Hold (Min at Fast Process Corner)
  Data Path Delay:        0.957ns  (logic 0.221ns (23.058%)  route 0.736ns (76.942%))
  Logic Levels:           1  (IBUF=1)
  Clock Path Skew:        -0.863ns (DCD - SCD - CPR)
    Destination Clock Delay (DCD):    -0.863ns
    Source Clock Delay      (SCD):    0.000ns
    Clock Pessimism Removal (CPR):    -0.000ns

    Location             Delay type                Incr(ns)  Path(ns)    Netlist Resource(s)
  -------------------------------------------------------------------    -------------------
    U17                                               0.000     0.000 r  btn[1] (IN)
                         net (fo=0)                   0.000     0.000    btn[1]
    U17                  IBUF (Prop_ibuf_I_O)         0.221     0.221 r  btn_IBUF[1]_inst/O
                         net (fo=1, routed)           0.736     0.957    io_inst/debounce_inst/btn_debounced_reg[3]_1[1]
    SLICE_X28Y15         FDPE                                         r  io_inst/debounce_inst/btn_debounced_reg[1]/D
  -------------------------------------------------------------------    -------------------

                         (clock clk_out1_clk_wiz_0 rise edge)
                                                      0.000     0.000 r  
    W5                                                0.000     0.000 r  sys_clk (IN)
                         net (fo=0)                   0.000     0.000    clk_wiz_inst/inst/clk_in1
    W5                   IBUF (Prop_ibuf_I_O)         0.414     0.414 r  clk_wiz_inst/inst/clkin1_ibufg/O
                         net (fo=1, routed)           0.480     0.894    clk_wiz_inst/inst/clk_in1_clk_wiz_0
    MMCME2_ADV_X1Y0      MMCME2_ADV (Prop_mmcme2_adv_CLKIN1_CLKOUT0)
                                                     -3.142    -2.248 r  clk_wiz_inst/inst/mmcm_adv_inst/CLKOUT0
                         net (fo=1, routed)           0.530    -1.718    clk_wiz_inst/inst/clk_out1_clk_wiz_0
    BUFGCTRL_X0Y0        BUFG (Prop_bufg_I_O)         0.029    -1.689 r  clk_wiz_inst/inst/clkout1_buf/O
                         net (fo=377, routed)         0.827    -0.863    io_inst/debounce_inst/clk_out1
    SLICE_X28Y15         FDPE                                         r  io_inst/debounce_inst/btn_debounced_reg[1]/C

Slack:                    inf
  Source:                 btn[3]
                            (input port)
  Destination:            io_inst/debounce_inst/btn_debounced_reg[3]/D
                            (rising edge-triggered cell FDPE clocked by clk_out1_clk_wiz_0  {rise@0.000ns fall@5.000ns period=10.000ns})
  Path Group:             (none)
  Path Type:              Hold (Min at Fast Process Corner)
  Data Path Delay:        0.986ns  (logic 0.219ns (22.239%)  route 0.767ns (77.761%))
  Logic Levels:           1  (IBUF=1)
  Clock Path Skew:        -0.864ns (DCD - SCD - CPR)
    Destination Clock Delay (DCD):    -0.864ns
    Source Clock Delay      (SCD):    0.000ns
    Clock Pessimism Removal (CPR):    -0.000ns

    Location             Delay type                Incr(ns)  Path(ns)    Netlist Resource(s)
  -------------------------------------------------------------------    -------------------
    T17                                               0.000     0.000 r  btn[3] (IN)
                         net (fo=0)                   0.000     0.000    btn[3]
    T17                  IBUF (Prop_ibuf_I_O)         0.219     0.219 r  btn_IBUF[3]_inst/O
                         net (fo=1, routed)           0.767     0.986    io_inst/debounce_inst/btn_debounced_reg[3]_1[3]
    SLICE_X28Y16         FDPE                                         r  io_inst/debounce_inst/btn_debounced_reg[3]/D
  -------------------------------------------------------------------    -------------------

                         (clock clk_out1_clk_wiz_0 rise edge)
                                                      0.000     0.000 r  
    W5                                                0.000     0.000 r  sys_clk (IN)
                         net (fo=0)                   0.000     0.000    clk_wiz_inst/inst/clk_in1
    W5                   IBUF (Prop_ibuf_I_O)         0.414     0.414 r  clk_wiz_inst/inst/clkin1_ibufg/O
                         net (fo=1, routed)           0.480     0.894    clk_wiz_inst/inst/clk_in1_clk_wiz_0
    MMCME2_ADV_X1Y0      MMCME2_ADV (Prop_mmcme2_adv_CLKIN1_CLKOUT0)
                                                     -3.142    -2.248 r  clk_wiz_inst/inst/mmcm_adv_inst/CLKOUT0
                         net (fo=1, routed)           0.530    -1.718    clk_wiz_inst/inst/clk_out1_clk_wiz_0
    BUFGCTRL_X0Y0        BUFG (Prop_bufg_I_O)         0.029    -1.689 r  clk_wiz_inst/inst/clkout1_buf/O
                         net (fo=377, routed)         0.826    -0.864    io_inst/debounce_inst/clk_out1
    SLICE_X28Y16         FDPE                                         r  io_inst/debounce_inst/btn_debounced_reg[3]/C

Slack:                    inf
  Source:                 btn[0]
                            (input port)
  Destination:            io_inst/debounce_inst/btn_debounced_reg[0]/D
                            (rising edge-triggered cell FDPE clocked by clk_out1_clk_wiz_0  {rise@0.000ns fall@5.000ns period=10.000ns})
  Path Group:             (none)
  Path Type:              Hold (Min at Fast Process Corner)
  Data Path Delay:        0.989ns  (logic 0.222ns (22.444%)  route 0.767ns (77.556%))
  Logic Levels:           1  (IBUF=1)
  Clock Path Skew:        -0.863ns (DCD - SCD - CPR)
    Destination Clock Delay (DCD):    -0.863ns
    Source Clock Delay      (SCD):    0.000ns
    Clock Pessimism Removal (CPR):    -0.000ns

    Location             Delay type                Incr(ns)  Path(ns)    Netlist Resource(s)
  -------------------------------------------------------------------    -------------------
    T18                                               0.000     0.000 r  btn[0] (IN)
                         net (fo=0)                   0.000     0.000    btn[0]
    T18                  IBUF (Prop_ibuf_I_O)         0.222     0.222 r  btn_IBUF[0]_inst/O
                         net (fo=1, routed)           0.767     0.989    io_inst/debounce_inst/btn_debounced_reg[3]_1[0]
    SLICE_X28Y15         FDPE                                         r  io_inst/debounce_inst/btn_debounced_reg[0]/D
  -------------------------------------------------------------------    -------------------

                         (clock clk_out1_clk_wiz_0 rise edge)
                                                      0.000     0.000 r  
    W5                                                0.000     0.000 r  sys_clk (IN)
                         net (fo=0)                   0.000     0.000    clk_wiz_inst/inst/clk_in1
    W5                   IBUF (Prop_ibuf_I_O)         0.414     0.414 r  clk_wiz_inst/inst/clkin1_ibufg/O
                         net (fo=1, routed)           0.480     0.894    clk_wiz_inst/inst/clk_in1_clk_wiz_0
    MMCME2_ADV_X1Y0      MMCME2_ADV (Prop_mmcme2_adv_CLKIN1_CLKOUT0)
                                                     -3.142    -2.248 r  clk_wiz_inst/inst/mmcm_adv_inst/CLKOUT0
                         net (fo=1, routed)           0.530    -1.718    clk_wiz_inst/inst/clk_out1_clk_wiz_0
    BUFGCTRL_X0Y0        BUFG (Prop_bufg_I_O)         0.029    -1.689 r  clk_wiz_inst/inst/clkout1_buf/O
                         net (fo=377, routed)         0.827    -0.863    io_inst/debounce_inst/clk_out1
    SLICE_X28Y15         FDPE                                         r  io_inst/debounce_inst/btn_debounced_reg[0]/C

Slack:                    inf
  Source:                 sys_reset
                            (input port)
  Destination:            io_inst/debounce_inst/counter_reg[10]/CLR
                            (removal check against rising-edge clock clk_out1_clk_wiz_0  {rise@0.000ns fall@5.000ns period=10.000ns})
  Path Group:             (none)
  Path Type:              Removal (Min at Fast Process Corner)
  Data Path Delay:        1.070ns  (logic 0.210ns (19.577%)  route 0.861ns (80.423%))
  Logic Levels:           1  (IBUF=1)
  Clock Path Skew:        -0.862ns (DCD - SCD - CPR)
    Destination Clock Delay (DCD):    -0.862ns
    Source Clock Delay      (SCD):    0.000ns
    Clock Pessimism Removal (CPR):    -0.000ns

    Location             Delay type                Incr(ns)  Path(ns)    Netlist Resource(s)
  -------------------------------------------------------------------    -------------------
    U18                                               0.000     0.000 f  sys_reset (IN)
                         net (fo=0)                   0.000     0.000    sys_reset
    U18                  IBUF (Prop_ibuf_I_O)         0.210     0.210 f  sys_reset_IBUF_inst/O
                         net (fo=95, routed)          0.861     1.070    io_inst/debounce_inst/AS[0]
    SLICE_X29Y13         FDCE                                         f  io_inst/debounce_inst/counter_reg[10]/CLR
  -------------------------------------------------------------------    -------------------

                         (clock clk_out1_clk_wiz_0 rise edge)
                                                      0.000     0.000 r  
    W5                                                0.000     0.000 r  sys_clk (IN)
                         net (fo=0)                   0.000     0.000    clk_wiz_inst/inst/clk_in1
    W5                   IBUF (Prop_ibuf_I_O)         0.414     0.414 r  clk_wiz_inst/inst/clkin1_ibufg/O
                         net (fo=1, routed)           0.480     0.894    clk_wiz_inst/inst/clk_in1_clk_wiz_0
    MMCME2_ADV_X1Y0      MMCME2_ADV (Prop_mmcme2_adv_CLKIN1_CLKOUT0)
                                                     -3.142    -2.248 r  clk_wiz_inst/inst/mmcm_adv_inst/CLKOUT0
                         net (fo=1, routed)           0.530    -1.718    clk_wiz_inst/inst/clk_out1_clk_wiz_0
    BUFGCTRL_X0Y0        BUFG (Prop_bufg_I_O)         0.029    -1.689 r  clk_wiz_inst/inst/clkout1_buf/O
                         net (fo=377, routed)         0.828    -0.862    io_inst/debounce_inst/clk_out1
    SLICE_X29Y13         FDCE                                         r  io_inst/debounce_inst/counter_reg[10]/C

Slack:                    inf
  Source:                 sys_reset
                            (input port)
  Destination:            io_inst/debounce_inst/counter_reg[11]/CLR
                            (removal check against rising-edge clock clk_out1_clk_wiz_0  {rise@0.000ns fall@5.000ns period=10.000ns})
  Path Group:             (none)
  Path Type:              Removal (Min at Fast Process Corner)
  Data Path Delay:        1.070ns  (logic 0.210ns (19.577%)  route 0.861ns (80.423%))
  Logic Levels:           1  (IBUF=1)
  Clock Path Skew:        -0.862ns (DCD - SCD - CPR)
    Destination Clock Delay (DCD):    -0.862ns
    Source Clock Delay      (SCD):    0.000ns
    Clock Pessimism Removal (CPR):    -0.000ns

    Location             Delay type                Incr(ns)  Path(ns)    Netlist Resource(s)
  -------------------------------------------------------------------    -------------------
    U18                                               0.000     0.000 f  sys_reset (IN)
                         net (fo=0)                   0.000     0.000    sys_reset
    U18                  IBUF (Prop_ibuf_I_O)         0.210     0.210 f  sys_reset_IBUF_inst/O
                         net (fo=95, routed)          0.861     1.070    io_inst/debounce_inst/AS[0]
    SLICE_X29Y13         FDCE                                         f  io_inst/debounce_inst/counter_reg[11]/CLR
  -------------------------------------------------------------------    -------------------

                         (clock clk_out1_clk_wiz_0 rise edge)
                                                      0.000     0.000 r  
    W5                                                0.000     0.000 r  sys_clk (IN)
                         net (fo=0)                   0.000     0.000    clk_wiz_inst/inst/clk_in1
    W5                   IBUF (Prop_ibuf_I_O)         0.414     0.414 r  clk_wiz_inst/inst/clkin1_ibufg/O
                         net (fo=1, routed)           0.480     0.894    clk_wiz_inst/inst/clk_in1_clk_wiz_0
    MMCME2_ADV_X1Y0      MMCME2_ADV (Prop_mmcme2_adv_CLKIN1_CLKOUT0)
                                                     -3.142    -2.248 r  clk_wiz_inst/inst/mmcm_adv_inst/CLKOUT0
                         net (fo=1, routed)           0.530    -1.718    clk_wiz_inst/inst/clk_out1_clk_wiz_0
    BUFGCTRL_X0Y0        BUFG (Prop_bufg_I_O)         0.029    -1.689 r  clk_wiz_inst/inst/clkout1_buf/O
                         net (fo=377, routed)         0.828    -0.862    io_inst/debounce_inst/clk_out1
    SLICE_X29Y13         FDCE                                         r  io_inst/debounce_inst/counter_reg[11]/C

Slack:                    inf
  Source:                 sys_reset
                            (input port)
  Destination:            io_inst/debounce_inst/counter_reg[8]/CLR
                            (removal check against rising-edge clock clk_out1_clk_wiz_0  {rise@0.000ns fall@5.000ns period=10.000ns})
  Path Group:             (none)
  Path Type:              Removal (Min at Fast Process Corner)
  Data Path Delay:        1.070ns  (logic 0.210ns (19.577%)  route 0.861ns (80.423%))
  Logic Levels:           1  (IBUF=1)
  Clock Path Skew:        -0.862ns (DCD - SCD - CPR)
    Destination Clock Delay (DCD):    -0.862ns
    Source Clock Delay      (SCD):    0.000ns
    Clock Pessimism Removal (CPR):    -0.000ns

    Location             Delay type                Incr(ns)  Path(ns)    Netlist Resource(s)
  -------------------------------------------------------------------    -------------------
    U18                                               0.000     0.000 f  sys_reset (IN)
                         net (fo=0)                   0.000     0.000    sys_reset
    U18                  IBUF (Prop_ibuf_I_O)         0.210     0.210 f  sys_reset_IBUF_inst/O
                         net (fo=95, routed)          0.861     1.070    io_inst/debounce_inst/AS[0]
    SLICE_X29Y13         FDCE                                         f  io_inst/debounce_inst/counter_reg[8]/CLR
  -------------------------------------------------------------------    -------------------

                         (clock clk_out1_clk_wiz_0 rise edge)
                                                      0.000     0.000 r  
    W5                                                0.000     0.000 r  sys_clk (IN)
                         net (fo=0)                   0.000     0.000    clk_wiz_inst/inst/clk_in1
    W5                   IBUF (Prop_ibuf_I_O)         0.414     0.414 r  clk_wiz_inst/inst/clkin1_ibufg/O
                         net (fo=1, routed)           0.480     0.894    clk_wiz_inst/inst/clk_in1_clk_wiz_0
    MMCME2_ADV_X1Y0      MMCME2_ADV (Prop_mmcme2_adv_CLKIN1_CLKOUT0)
                                                     -3.142    -2.248 r  clk_wiz_inst/inst/mmcm_adv_inst/CLKOUT0
                         net (fo=1, routed)           0.530    -1.718    clk_wiz_inst/inst/clk_out1_clk_wiz_0
    BUFGCTRL_X0Y0        BUFG (Prop_bufg_I_O)         0.029    -1.689 r  clk_wiz_inst/inst/clkout1_buf/O
                         net (fo=377, routed)         0.828    -0.862    io_inst/debounce_inst/clk_out1
    SLICE_X29Y13         FDCE                                         r  io_inst/debounce_inst/counter_reg[8]/C

Slack:                    inf
  Source:                 sys_reset
                            (input port)
  Destination:            io_inst/debounce_inst/counter_reg[9]/CLR
                            (removal check against rising-edge clock clk_out1_clk_wiz_0  {rise@0.000ns fall@5.000ns period=10.000ns})
  Path Group:             (none)
  Path Type:              Removal (Min at Fast Process Corner)
  Data Path Delay:        1.070ns  (logic 0.210ns (19.577%)  route 0.861ns (80.423%))
  Logic Levels:           1  (IBUF=1)
  Clock Path Skew:        -0.862ns (DCD - SCD - CPR)
    Destination Clock Delay (DCD):    -0.862ns
    Source Clock Delay      (SCD):    0.000ns
    Clock Pessimism Removal (CPR):    -0.000ns

    Location             Delay type                Incr(ns)  Path(ns)    Netlist Resource(s)
  -------------------------------------------------------------------    -------------------
    U18                                               0.000     0.000 f  sys_reset (IN)
                         net (fo=0)                   0.000     0.000    sys_reset
    U18                  IBUF (Prop_ibuf_I_O)         0.210     0.210 f  sys_reset_IBUF_inst/O
                         net (fo=95, routed)          0.861     1.070    io_inst/debounce_inst/AS[0]
    SLICE_X29Y13         FDCE                                         f  io_inst/debounce_inst/counter_reg[9]/CLR
  -------------------------------------------------------------------    -------------------

                         (clock clk_out1_clk_wiz_0 rise edge)
                                                      0.000     0.000 r  
    W5                                                0.000     0.000 r  sys_clk (IN)
                         net (fo=0)                   0.000     0.000    clk_wiz_inst/inst/clk_in1
    W5                   IBUF (Prop_ibuf_I_O)         0.414     0.414 r  clk_wiz_inst/inst/clkin1_ibufg/O
                         net (fo=1, routed)           0.480     0.894    clk_wiz_inst/inst/clk_in1_clk_wiz_0
    MMCME2_ADV_X1Y0      MMCME2_ADV (Prop_mmcme2_adv_CLKIN1_CLKOUT0)
                                                     -3.142    -2.248 r  clk_wiz_inst/inst/mmcm_adv_inst/CLKOUT0
                         net (fo=1, routed)           0.530    -1.718    clk_wiz_inst/inst/clk_out1_clk_wiz_0
    BUFGCTRL_X0Y0        BUFG (Prop_bufg_I_O)         0.029    -1.689 r  clk_wiz_inst/inst/clkout1_buf/O
                         net (fo=377, routed)         0.828    -0.862    io_inst/debounce_inst/clk_out1
    SLICE_X29Y13         FDCE                                         r  io_inst/debounce_inst/counter_reg[9]/C

Slack:                    inf
  Source:                 btn[2]
                            (input port)
  Destination:            io_inst/debounce_inst/btn_debounced_reg[2]/D
                            (rising edge-triggered cell FDPE clocked by clk_out1_clk_wiz_0  {rise@0.000ns fall@5.000ns period=10.000ns})
  Path Group:             (none)
  Path Type:              Hold (Min at Fast Process Corner)
  Data Path Delay:        1.086ns  (logic 0.219ns (20.192%)  route 0.867ns (79.808%))
  Logic Levels:           1  (IBUF=1)
  Clock Path Skew:        -0.863ns (DCD - SCD - CPR)
    Destination Clock Delay (DCD):    -0.863ns
    Source Clock Delay      (SCD):    0.000ns
    Clock Pessimism Removal (CPR):    -0.000ns

    Location             Delay type                Incr(ns)  Path(ns)    Netlist Resource(s)
  -------------------------------------------------------------------    -------------------
    W19                                               0.000     0.000 r  btn[2] (IN)
                         net (fo=0)                   0.000     0.000    btn[2]
    W19                  IBUF (Prop_ibuf_I_O)         0.219     0.219 r  btn_IBUF[2]_inst/O
                         net (fo=1, routed)           0.867     1.086    io_inst/debounce_inst/btn_debounced_reg[3]_1[2]
    SLICE_X28Y15         FDPE                                         r  io_inst/debounce_inst/btn_debounced_reg[2]/D
  -------------------------------------------------------------------    -------------------

                         (clock clk_out1_clk_wiz_0 rise edge)
                                                      0.000     0.000 r  
    W5                                                0.000     0.000 r  sys_clk (IN)
                         net (fo=0)                   0.000     0.000    clk_wiz_inst/inst/clk_in1
    W5                   IBUF (Prop_ibuf_I_O)         0.414     0.414 r  clk_wiz_inst/inst/clkin1_ibufg/O
                         net (fo=1, routed)           0.480     0.894    clk_wiz_inst/inst/clk_in1_clk_wiz_0
    MMCME2_ADV_X1Y0      MMCME2_ADV (Prop_mmcme2_adv_CLKIN1_CLKOUT0)
                                                     -3.142    -2.248 r  clk_wiz_inst/inst/mmcm_adv_inst/CLKOUT0
                         net (fo=1, routed)           0.530    -1.718    clk_wiz_inst/inst/clk_out1_clk_wiz_0
    BUFGCTRL_X0Y0        BUFG (Prop_bufg_I_O)         0.029    -1.689 r  clk_wiz_inst/inst/clkout1_buf/O
                         net (fo=377, routed)         0.827    -0.863    io_inst/debounce_inst/clk_out1
    SLICE_X28Y15         FDPE                                         r  io_inst/debounce_inst/btn_debounced_reg[2]/C

Slack:                    inf
  Source:                 sys_reset
                            (input port)
  Destination:            io_inst/debounce_inst/counter_reg[12]/CLR
                            (removal check against rising-edge clock clk_out1_clk_wiz_0  {rise@0.000ns fall@5.000ns period=10.000ns})
  Path Group:             (none)
  Path Type:              Removal (Min at Fast Process Corner)
  Data Path Delay:        1.108ns  (logic 0.210ns (18.907%)  route 0.899ns (81.093%))
  Logic Levels:           1  (IBUF=1)
  Clock Path Skew:        -0.862ns (DCD - SCD - CPR)
    Destination Clock Delay (DCD):    -0.862ns
    Source Clock Delay      (SCD):    0.000ns
    Clock Pessimism Removal (CPR):    -0.000ns

    Location             Delay type                Incr(ns)  Path(ns)    Netlist Resource(s)
  -------------------------------------------------------------------    -------------------
    U18                                               0.000     0.000 f  sys_reset (IN)
                         net (fo=0)                   0.000     0.000    sys_reset
    U18                  IBUF (Prop_ibuf_I_O)         0.210     0.210 f  sys_reset_IBUF_inst/O
                         net (fo=95, routed)          0.899     1.108    io_inst/debounce_inst/AS[0]
    SLICE_X29Y14         FDCE                                         f  io_inst/debounce_inst/counter_reg[12]/CLR
  -------------------------------------------------------------------    -------------------

                         (clock clk_out1_clk_wiz_0 rise edge)
                                                      0.000     0.000 r  
    W5                                                0.000     0.000 r  sys_clk (IN)
                         net (fo=0)                   0.000     0.000    clk_wiz_inst/inst/clk_in1
    W5                   IBUF (Prop_ibuf_I_O)         0.414     0.414 r  clk_wiz_inst/inst/clkin1_ibufg/O
                         net (fo=1, routed)           0.480     0.894    clk_wiz_inst/inst/clk_in1_clk_wiz_0
    MMCME2_ADV_X1Y0      MMCME2_ADV (Prop_mmcme2_adv_CLKIN1_CLKOUT0)
                                                     -3.142    -2.248 r  clk_wiz_inst/inst/mmcm_adv_inst/CLKOUT0
                         net (fo=1, routed)           0.530    -1.718    clk_wiz_inst/inst/clk_out1_clk_wiz_0
    BUFGCTRL_X0Y0        BUFG (Prop_bufg_I_O)         0.029    -1.689 r  clk_wiz_inst/inst/clkout1_buf/O
                         net (fo=377, routed)         0.828    -0.862    io_inst/debounce_inst/clk_out1
    SLICE_X29Y14         FDCE                                         r  io_inst/debounce_inst/counter_reg[12]/C

Slack:                    inf
  Source:                 sys_reset
                            (input port)
  Destination:            io_inst/debounce_inst/counter_reg[13]/CLR
                            (removal check against rising-edge clock clk_out1_clk_wiz_0  {rise@0.000ns fall@5.000ns period=10.000ns})
  Path Group:             (none)
  Path Type:              Removal (Min at Fast Process Corner)
  Data Path Delay:        1.108ns  (logic 0.210ns (18.907%)  route 0.899ns (81.093%))
  Logic Levels:           1  (IBUF=1)
  Clock Path Skew:        -0.862ns (DCD - SCD - CPR)
    Destination Clock Delay (DCD):    -0.862ns
    Source Clock Delay      (SCD):    0.000ns
    Clock Pessimism Removal (CPR):    -0.000ns

    Location             Delay type                Incr(ns)  Path(ns)    Netlist Resource(s)
  -------------------------------------------------------------------    -------------------
    U18                                               0.000     0.000 f  sys_reset (IN)
                         net (fo=0)                   0.000     0.000    sys_reset
    U18                  IBUF (Prop_ibuf_I_O)         0.210     0.210 f  sys_reset_IBUF_inst/O
                         net (fo=95, routed)          0.899     1.108    io_inst/debounce_inst/AS[0]
    SLICE_X29Y14         FDCE                                         f  io_inst/debounce_inst/counter_reg[13]/CLR
  -------------------------------------------------------------------    -------------------

                         (clock clk_out1_clk_wiz_0 rise edge)
                                                      0.000     0.000 r  
    W5                                                0.000     0.000 r  sys_clk (IN)
                         net (fo=0)                   0.000     0.000    clk_wiz_inst/inst/clk_in1
    W5                   IBUF (Prop_ibuf_I_O)         0.414     0.414 r  clk_wiz_inst/inst/clkin1_ibufg/O
                         net (fo=1, routed)           0.480     0.894    clk_wiz_inst/inst/clk_in1_clk_wiz_0
    MMCME2_ADV_X1Y0      MMCME2_ADV (Prop_mmcme2_adv_CLKIN1_CLKOUT0)
                                                     -3.142    -2.248 r  clk_wiz_inst/inst/mmcm_adv_inst/CLKOUT0
                         net (fo=1, routed)           0.530    -1.718    clk_wiz_inst/inst/clk_out1_clk_wiz_0
    BUFGCTRL_X0Y0        BUFG (Prop_bufg_I_O)         0.029    -1.689 r  clk_wiz_inst/inst/clkout1_buf/O
                         net (fo=377, routed)         0.828    -0.862    io_inst/debounce_inst/clk_out1
    SLICE_X29Y14         FDCE                                         r  io_inst/debounce_inst/counter_reg[13]/C





